===> User
uid=1000(appuser) gid=1000(appuser) groups=1000(appuser)
===> Setting default values of environment variables if not already set.
===> Configuring ...
Running in KRaft mode...
===> Launching ... 
===> Using provided cluster id MkU3OEVBNTcwNTJENDM2Qg ...
[2026-04-29 16:36:19,749] INFO Registered kafka:type=kafka.Log4jController MBean (kafka.utils.Log4jControllerRegistration$)
[2026-04-29 16:36:19,794] INFO Setting -D jdk.tls.rejectClientInitiatedRenegotiation=true to disable client-initiated TLS renegotiation (org.apache.zookeeper.common.X509Util)
[2026-04-29 16:36:19,796] INFO RemoteLogManagerConfig values: 
	log.local.retention.bytes = -2
	log.local.retention.ms = -2
	remote.fetch.max.wait.ms = 500
	remote.log.index.file.cache.total.size.bytes = 1073741824
	remote.log.manager.copier.thread.pool.size = 10
	remote.log.manager.copy.max.bytes.per.second = 9223372036854775807
	remote.log.manager.copy.quota.window.num = 11
	remote.log.manager.copy.quota.window.size.seconds = 1
	remote.log.manager.expiration.thread.pool.size = 10
	remote.log.manager.fetch.max.bytes.per.second = 9223372036854775807
	remote.log.manager.fetch.quota.window.num = 11
	remote.log.manager.fetch.quota.window.size.seconds = 1
	remote.log.manager.task.interval.ms = 30000
	remote.log.manager.task.retry.backoff.max.ms = 30000
	remote.log.manager.task.retry.backoff.ms = 500
	remote.log.manager.task.retry.jitter = 0.2
	remote.log.manager.thread.pool.size = 10
	remote.log.metadata.custom.metadata.max.bytes = 128
	remote.log.metadata.manager.class.name = org.apache.kafka.server.log.remote.metadata.storage.TopicBasedRemoteLogMetadataManager
	remote.log.metadata.manager.class.path = null
	remote.log.metadata.manager.impl.prefix = rlmm.config.
	remote.log.metadata.manager.listener.name = null
	remote.log.reader.max.pending.tasks = 100
	remote.log.reader.threads = 10
	remote.log.storage.manager.class.name = null
	remote.log.storage.manager.class.path = null
	remote.log.storage.manager.impl.prefix = rsm.config.
	remote.log.storage.system.enable = false
 (org.apache.kafka.server.log.remote.storage.RemoteLogManagerConfig)
[2026-04-29 16:36:19,865] INFO RemoteLogManagerConfig values: 
	log.local.retention.bytes = -2
	log.local.retention.ms = -2
	remote.fetch.max.wait.ms = 500
	remote.log.index.file.cache.total.size.bytes = 1073741824
	remote.log.manager.copier.thread.pool.size = 10
	remote.log.manager.copy.max.bytes.per.second = 9223372036854775807
	remote.log.manager.copy.quota.window.num = 11
	remote.log.manager.copy.quota.window.size.seconds = 1
	remote.log.manager.expiration.thread.pool.size = 10
	remote.log.manager.fetch.max.bytes.per.second = 9223372036854775807
	remote.log.manager.fetch.quota.window.num = 11
	remote.log.manager.fetch.quota.window.size.seconds = 1
	remote.log.manager.task.interval.ms = 30000
	remote.log.manager.task.retry.backoff.max.ms = 30000
	remote.log.manager.task.retry.backoff.ms = 500
	remote.log.manager.task.retry.jitter = 0.2
	remote.log.manager.thread.pool.size = 10
	remote.log.metadata.custom.metadata.max.bytes = 128
	remote.log.metadata.manager.class.name = org.apache.kafka.server.log.remote.metadata.storage.TopicBasedRemoteLogMetadataManager
	remote.log.metadata.manager.class.path = null
	remote.log.metadata.manager.impl.prefix = rlmm.config.
	remote.log.metadata.manager.listener.name = null
	remote.log.reader.max.pending.tasks = 100
	remote.log.reader.threads = 10
	remote.log.storage.manager.class.name = null
	remote.log.storage.manager.class.path = null
	remote.log.storage.manager.impl.prefix = rsm.config.
	remote.log.storage.system.enable = false
 (org.apache.kafka.server.log.remote.storage.RemoteLogManagerConfig)
[2026-04-29 16:36:19,871] INFO RemoteLogManagerConfig values: 
	log.local.retention.bytes = -2
	log.local.retention.ms = -2
	remote.fetch.max.wait.ms = 500
	remote.log.index.file.cache.total.size.bytes = 1073741824
	remote.log.manager.copier.thread.pool.size = 10
	remote.log.manager.copy.max.bytes.per.second = 9223372036854775807
	remote.log.manager.copy.quota.window.num = 11
	remote.log.manager.copy.quota.window.size.seconds = 1
	remote.log.manager.expiration.thread.pool.size = 10
	remote.log.manager.fetch.max.bytes.per.second = 9223372036854775807
	remote.log.manager.fetch.quota.window.num = 11
	remote.log.manager.fetch.quota.window.size.seconds = 1
	remote.log.manager.task.interval.ms = 30000
	remote.log.manager.task.retry.backoff.max.ms = 30000
	remote.log.manager.task.retry.backoff.ms = 500
	remote.log.manager.task.retry.jitter = 0.2
	remote.log.manager.thread.pool.size = 10
	remote.log.metadata.custom.metadata.max.bytes = 128
	remote.log.metadata.manager.class.name = org.apache.kafka.server.log.remote.metadata.storage.TopicBasedRemoteLogMetadataManager
	remote.log.metadata.manager.class.path = null
	remote.log.metadata.manager.impl.prefix = rlmm.config.
	remote.log.metadata.manager.listener.name = null
	remote.log.reader.max.pending.tasks = 100
	remote.log.reader.threads = 10
	remote.log.storage.manager.class.name = null
	remote.log.storage.manager.class.path = null
	remote.log.storage.manager.impl.prefix = rsm.config.
	remote.log.storage.system.enable = false
 (org.apache.kafka.server.log.remote.storage.RemoteLogManagerConfig)
[2026-04-29 16:36:19,883] INFO Registered signal handlers for TERM, INT, HUP (org.apache.kafka.common.utils.LoggingSignalHandler)
[2026-04-29 16:36:19,885] INFO [ControllerServer id=1] Starting controller (kafka.server.ControllerServer)
[2026-04-29 16:36:19,886] INFO RemoteLogManagerConfig values: 
	log.local.retention.bytes = -2
	log.local.retention.ms = -2
	remote.fetch.max.wait.ms = 500
	remote.log.index.file.cache.total.size.bytes = 1073741824
	remote.log.manager.copier.thread.pool.size = 10
	remote.log.manager.copy.max.bytes.per.second = 9223372036854775807
	remote.log.manager.copy.quota.window.num = 11
	remote.log.manager.copy.quota.window.size.seconds = 1
	remote.log.manager.expiration.thread.pool.size = 10
	remote.log.manager.fetch.max.bytes.per.second = 9223372036854775807
	remote.log.manager.fetch.quota.window.num = 11
	remote.log.manager.fetch.quota.window.size.seconds = 1
	remote.log.manager.task.interval.ms = 30000
	remote.log.manager.task.retry.backoff.max.ms = 30000
	remote.log.manager.task.retry.backoff.ms = 500
	remote.log.manager.task.retry.jitter = 0.2
	remote.log.manager.thread.pool.size = 10
	remote.log.metadata.custom.metadata.max.bytes = 128
	remote.log.metadata.manager.class.name = org.apache.kafka.server.log.remote.metadata.storage.TopicBasedRemoteLogMetadataManager
	remote.log.metadata.manager.class.path = null
	remote.log.metadata.manager.impl.prefix = rlmm.config.
	remote.log.metadata.manager.listener.name = null
	remote.log.reader.max.pending.tasks = 100
	remote.log.reader.threads = 10
	remote.log.storage.manager.class.name = null
	remote.log.storage.manager.class.path = null
	remote.log.storage.manager.impl.prefix = rsm.config.
	remote.log.storage.system.enable = false
 (org.apache.kafka.server.log.remote.storage.RemoteLogManagerConfig)
[2026-04-29 16:36:19,995] INFO Updated connection-accept-rate max connection creation rate to 2147483647 (kafka.network.ConnectionQuotas)
[2026-04-29 16:36:20,008] INFO [SocketServer listenerType=CONTROLLER, nodeId=1] Created data-plane acceptor and processors for endpoint : ListenerName(CONTROLLER) (kafka.network.SocketServer)
[2026-04-29 16:36:20,011] INFO authorizerStart completed for endpoint CONTROLLER. Endpoint is now READY. (org.apache.kafka.server.network.EndpointReadyFutures)
[2026-04-29 16:36:20,012] INFO [SharedServer id=1] Starting SharedServer (kafka.server.SharedServer)
[2026-04-29 16:36:20,013] INFO RemoteLogManagerConfig values: 
	log.local.retention.bytes = -2
	log.local.retention.ms = -2
	remote.fetch.max.wait.ms = 500
	remote.log.index.file.cache.total.size.bytes = 1073741824
	remote.log.manager.copier.thread.pool.size = 10
	remote.log.manager.copy.max.bytes.per.second = 9223372036854775807
	remote.log.manager.copy.quota.window.num = 11
	remote.log.manager.copy.quota.window.size.seconds = 1
	remote.log.manager.expiration.thread.pool.size = 10
	remote.log.manager.fetch.max.bytes.per.second = 9223372036854775807
	remote.log.manager.fetch.quota.window.num = 11
	remote.log.manager.fetch.quota.window.size.seconds = 1
	remote.log.manager.task.interval.ms = 30000
	remote.log.manager.task.retry.backoff.max.ms = 30000
	remote.log.manager.task.retry.backoff.ms = 500
	remote.log.manager.task.retry.jitter = 0.2
	remote.log.manager.thread.pool.size = 10
	remote.log.metadata.custom.metadata.max.bytes = 128
	remote.log.metadata.manager.class.name = org.apache.kafka.server.log.remote.metadata.storage.TopicBasedRemoteLogMetadataManager
	remote.log.metadata.manager.class.path = null
	remote.log.metadata.manager.impl.prefix = rlmm.config.
	remote.log.metadata.manager.listener.name = null
	remote.log.reader.max.pending.tasks = 100
	remote.log.reader.threads = 10
	remote.log.storage.manager.class.name = null
	remote.log.storage.manager.class.path = null
	remote.log.storage.manager.impl.prefix = rsm.config.
	remote.log.storage.system.enable = false
 (org.apache.kafka.server.log.remote.storage.RemoteLogManagerConfig)
[2026-04-29 16:36:20,048] INFO [LogLoader partition=__cluster_metadata-0, dir=/tmp/kafka-logs] Loading producer state till offset 0 with message format version 2 (kafka.log.UnifiedLog$)
[2026-04-29 16:36:20,048] INFO [LogLoader partition=__cluster_metadata-0, dir=/tmp/kafka-logs] Reloading from producer snapshot and rebuilding producer state from offset 0 (kafka.log.UnifiedLog$)
[2026-04-29 16:36:20,048] INFO [LogLoader partition=__cluster_metadata-0, dir=/tmp/kafka-logs] Producer state recovery took 0ms for snapshot load and 0ms for segment recovery from offset 0 (kafka.log.UnifiedLog$)
[2026-04-29 16:36:20,055] INFO Initialized snapshots with IDs SortedSet() from /tmp/kafka-logs/__cluster_metadata-0 (kafka.raft.KafkaMetadataLog$)
[2026-04-29 16:36:20,062] INFO [raft-expiration-reaper]: Starting (kafka.raft.TimingWheelExpirationService$ExpiredOperationReaper)
[2026-04-29 16:36:20,067] INFO [RaftManager id=1] Reading KRaft snapshot and log as part of the initialization (org.apache.kafka.raft.KafkaRaftClient)
[2026-04-29 16:36:20,068] INFO [RaftManager id=1] Starting request manager with static voters: [localhost:9093 (id: 1 rack: null)] (org.apache.kafka.raft.KafkaRaftClient)
[2026-04-29 16:36:20,097] INFO [RaftManager id=1] Completed transition to Unattached(epoch=0, voters=[1], electionTimeoutMs=1451) from null (org.apache.kafka.raft.QuorumState)
[2026-04-29 16:36:20,103] INFO [RaftManager id=1] Completed transition to CandidateState(localId=1, localDirectoryId=AdyUX9cG51ph3EznZavZEg,epoch=1, retries=1, voteStates={1=GRANTED}, highWatermark=Optional.empty, electionTimeoutMs=1098) from Unattached(epoch=0, voters=[1], electionTimeoutMs=1451) (org.apache.kafka.raft.QuorumState)
[2026-04-29 16:36:20,110] INFO [RaftManager id=1] Completed transition to Leader(localId=1, epoch=1, epochStartOffset=0, highWatermark=Optional.empty, voterStates={1=ReplicaState(nodeId=1, endOffset=Optional.empty, lastFetchTimestamp=-1, lastCaughtUpTimestamp=-1, hasAcknowledgedLeader=true)}) from CandidateState(localId=1, localDirectoryId=AdyUX9cG51ph3EznZavZEg,epoch=1, retries=1, voteStates={1=GRANTED}, highWatermark=Optional.empty, electionTimeoutMs=1098) (org.apache.kafka.raft.QuorumState)
[2026-04-29 16:36:20,131] INFO [kafka-1-raft-outbound-request-thread]: Starting (org.apache.kafka.raft.KafkaNetworkChannel$SendThread)
[2026-04-29 16:36:20,132] INFO [kafka-1-raft-io-thread]: Starting (org.apache.kafka.raft.KafkaRaftClientDriver)
[2026-04-29 16:36:20,140] INFO [MetadataLoader id=1] initializeNewPublishers: the loader is still catching up because we still don't know the high water mark yet. (org.apache.kafka.image.loader.MetadataLoader)
[2026-04-29 16:36:20,140] INFO [ControllerServer id=1] Waiting for controller quorum voters future (kafka.server.ControllerServer)
[2026-04-29 16:36:20,140] INFO [ControllerServer id=1] Finished waiting for controller quorum voters future (kafka.server.ControllerServer)
[2026-04-29 16:36:20,143] INFO [RaftManager id=1] High watermark set to LogOffsetMetadata(offset=1, metadata=Optional[(segmentBaseOffset=0,relativePositionInSegment=91)]) for the first time for epoch 1 based on indexOfHw 0 and voters [ReplicaState(nodeId=1, endOffset=Optional[LogOffsetMetadata(offset=1, metadata=Optional[(segmentBaseOffset=0,relativePositionInSegment=91)])], lastFetchTimestamp=-1, lastCaughtUpTimestamp=-1, hasAcknowledgedLeader=true)] (org.apache.kafka.raft.LeaderState)
[2026-04-29 16:36:20,150] INFO [controller-1-ThrottledChannelReaper-Fetch]: Starting (kafka.server.ClientQuotaManager$ThrottledChannelReaper)
[2026-04-29 16:36:20,150] INFO [controller-1-ThrottledChannelReaper-Produce]: Starting (kafka.server.ClientQuotaManager$ThrottledChannelReaper)
[2026-04-29 16:36:20,151] INFO [controller-1-ThrottledChannelReaper-Request]: Starting (kafka.server.ClientQuotaManager$ThrottledChannelReaper)
[2026-04-29 16:36:20,152] INFO [controller-1-ThrottledChannelReaper-ControllerMutation]: Starting (kafka.server.ClientQuotaManager$ThrottledChannelReaper)
[2026-04-29 16:36:20,152] INFO [RaftManager id=1] Registered the listener org.apache.kafka.image.loader.MetadataLoader@1947444768 (org.apache.kafka.raft.KafkaRaftClient)
[2026-04-29 16:36:20,152] INFO [RaftManager id=1] Registered the listener org.apache.kafka.controller.QuorumController$QuorumMetaLogListener@1989391895 (org.apache.kafka.raft.KafkaRaftClient)
[2026-04-29 16:36:20,155] INFO [MetadataLoader id=1] maybePublishMetadata(LOG_DELTA): The loader is still catching up because we have not loaded a controller record as of offset 0 and high water mark is 1 (org.apache.kafka.image.loader.MetadataLoader)
[2026-04-29 16:36:20,159] INFO [ExpirationReaper-1-AlterAcls]: Starting (kafka.server.DelayedOperationPurgatory$ExpiredOperationReaper)
[2026-04-29 16:36:20,163] INFO [ControllerServer id=1] Waiting for the controller metadata publishers to be installed (kafka.server.ControllerServer)
[2026-04-29 16:36:20,163] INFO [MetadataLoader id=1] initializeNewPublishers: The loader finished catching up to the current high water mark of 1 (org.apache.kafka.image.loader.MetadataLoader)
[2026-04-29 16:36:20,163] INFO [ControllerServer id=1] Finished waiting for the controller metadata publishers to be installed (kafka.server.ControllerServer)
[2026-04-29 16:36:20,165] INFO [SocketServer listenerType=CONTROLLER, nodeId=1] Enabling request processing. (kafka.network.SocketServer)
[2026-04-29 16:36:20,166] INFO [MetadataLoader id=1] InitializeNewPublishers: initializing SnapshotGenerator with a snapshot at offset 0 (org.apache.kafka.image.loader.MetadataLoader)
[2026-04-29 16:36:20,166] INFO [MetadataLoader id=1] InitializeNewPublishers: initializing KRaftMetadataCachePublisher with a snapshot at offset 0 (org.apache.kafka.image.loader.MetadataLoader)
[2026-04-29 16:36:20,166] INFO [MetadataLoader id=1] InitializeNewPublishers: initializing FeaturesPublisher with a snapshot at offset 0 (org.apache.kafka.image.loader.MetadataLoader)
[2026-04-29 16:36:20,167] INFO [ControllerServer id=1] Loaded new metadata Features(metadataVersion=3.0-IV1, finalizedFeatures={metadata.version=1}, finalizedFeaturesEpoch=0). (org.apache.kafka.metadata.publisher.FeaturesPublisher)
[2026-04-29 16:36:20,167] INFO [MetadataLoader id=1] InitializeNewPublishers: initializing ControllerRegistrationsPublisher with a snapshot at offset 0 (org.apache.kafka.image.loader.MetadataLoader)
[2026-04-29 16:36:20,167] INFO [MetadataLoader id=1] InitializeNewPublishers: initializing ControllerRegistrationManager with a snapshot at offset 0 (org.apache.kafka.image.loader.MetadataLoader)
[2026-04-29 16:36:20,167] INFO [MetadataLoader id=1] InitializeNewPublishers: initializing DynamicConfigPublisher controller id=1 with a snapshot at offset 0 (org.apache.kafka.image.loader.MetadataLoader)
[2026-04-29 16:36:20,167] INFO [MetadataLoader id=1] InitializeNewPublishers: initializing DynamicClientQuotaPublisher controller id=1 with a snapshot at offset 0 (org.apache.kafka.image.loader.MetadataLoader)
[2026-04-29 16:36:20,168] INFO Awaiting socket connections on 0.0.0.0:9093. (kafka.network.DataPlaneAcceptor)
[2026-04-29 16:36:20,175] INFO [MetadataLoader id=1] InitializeNewPublishers: initializing ScramPublisher controller id=1 with a snapshot at offset 0 (org.apache.kafka.image.loader.MetadataLoader)
[2026-04-29 16:36:20,176] INFO [MetadataLoader id=1] InitializeNewPublishers: initializing DelegationTokenPublisher controller id=1 with a snapshot at offset 0 (org.apache.kafka.image.loader.MetadataLoader)
[2026-04-29 16:36:20,178] INFO [MetadataLoader id=1] InitializeNewPublishers: initializing ControllerMetadataMetricsPublisher with a snapshot at offset 0 (org.apache.kafka.image.loader.MetadataLoader)
[2026-04-29 16:36:20,178] INFO [MetadataLoader id=1] InitializeNewPublishers: initializing AclPublisher controller id=1 with a snapshot at offset 0 (org.apache.kafka.image.loader.MetadataLoader)
[2026-04-29 16:36:20,182] INFO [controller-1-to-controller-registration-channel-manager]: Starting (kafka.server.NodeToControllerRequestThread)
[2026-04-29 16:36:20,182] INFO [ControllerServer id=1] Waiting for all of the authorizer futures to be completed (kafka.server.ControllerServer)
[2026-04-29 16:36:20,183] INFO [ControllerRegistrationManager id=1 incarnation=2qB2_lcaQYu-b4ZE2HdoYg] initialized channel manager. (kafka.server.ControllerRegistrationManager)
[2026-04-29 16:36:20,183] INFO [ControllerServer id=1] Finished waiting for all of the authorizer futures to be completed (kafka.server.ControllerServer)
[2026-04-29 16:36:20,183] INFO [ControllerServer id=1] Waiting for all of the SocketServer Acceptors to be started (kafka.server.ControllerServer)
[2026-04-29 16:36:20,183] INFO [ControllerServer id=1] Finished waiting for all of the SocketServer Acceptors to be started (kafka.server.ControllerServer)
[2026-04-29 16:36:20,183] INFO [ControllerRegistrationManager id=1 incarnation=2qB2_lcaQYu-b4ZE2HdoYg] maybeSendControllerRegistration: cannot register yet because the metadata.version is still 3.0-IV1, which does not support KIP-919 controller registration. (kafka.server.ControllerRegistrationManager)
[2026-04-29 16:36:20,184] INFO [controller-1-to-controller-registration-channel-manager]: Recorded new KRaft controller, from now on will use node localhost:9093 (id: 1 rack: null) (kafka.server.NodeToControllerRequestThread)
[2026-04-29 16:36:20,184] INFO [BrokerServer id=1] Transition from SHUTDOWN to STARTING (kafka.server.BrokerServer)
[2026-04-29 16:36:20,185] INFO [BrokerServer id=1] Starting broker (kafka.server.BrokerServer)
[2026-04-29 16:36:20,186] INFO RemoteLogManagerConfig values: 
	log.local.retention.bytes = -2
	log.local.retention.ms = -2
	remote.fetch.max.wait.ms = 500
	remote.log.index.file.cache.total.size.bytes = 1073741824
	remote.log.manager.copier.thread.pool.size = 10
	remote.log.manager.copy.max.bytes.per.second = 9223372036854775807
	remote.log.manager.copy.quota.window.num = 11
	remote.log.manager.copy.quota.window.size.seconds = 1
	remote.log.manager.expiration.thread.pool.size = 10
	remote.log.manager.fetch.max.bytes.per.second = 9223372036854775807
	remote.log.manager.fetch.quota.window.num = 11
	remote.log.manager.fetch.quota.window.size.seconds = 1
	remote.log.manager.task.interval.ms = 30000
	remote.log.manager.task.retry.backoff.max.ms = 30000
	remote.log.manager.task.retry.backoff.ms = 500
	remote.log.manager.task.retry.jitter = 0.2
	remote.log.manager.thread.pool.size = 10
	remote.log.metadata.custom.metadata.max.bytes = 128
	remote.log.metadata.manager.class.name = org.apache.kafka.server.log.remote.metadata.storage.TopicBasedRemoteLogMetadataManager
	remote.log.metadata.manager.class.path = null
	remote.log.metadata.manager.impl.prefix = rlmm.config.
	remote.log.metadata.manager.listener.name = null
	remote.log.reader.max.pending.tasks = 100
	remote.log.reader.threads = 10
	remote.log.storage.manager.class.name = null
	remote.log.storage.manager.class.path = null
	remote.log.storage.manager.impl.prefix = rsm.config.
	remote.log.storage.system.enable = false
 (org.apache.kafka.server.log.remote.storage.RemoteLogManagerConfig)
[2026-04-29 16:36:20,187] INFO [ControllerServer id=1] Loaded new metadata Features(metadataVersion=3.8-IV0, finalizedFeatures={metadata.version=20}, finalizedFeaturesEpoch=4). (org.apache.kafka.metadata.publisher.FeaturesPublisher)
[2026-04-29 16:36:20,188] INFO [ControllerRegistrationManager id=1 incarnation=2qB2_lcaQYu-b4ZE2HdoYg] sendControllerRegistration: attempting to send ControllerRegistrationRequestData(controllerId=1, incarnationId=2qB2_lcaQYu-b4ZE2HdoYg, zkMigrationReady=false, listeners=[Listener(name='CONTROLLER', host='0.0.0.0', port=9093, securityProtocol=0)], features=[Feature(name='metadata.version', minSupportedVersion=1, maxSupportedVersion=20)]) (kafka.server.ControllerRegistrationManager)
[2026-04-29 16:36:20,191] INFO [broker-1-ThrottledChannelReaper-Fetch]: Starting (kafka.server.ClientQuotaManager$ThrottledChannelReaper)
[2026-04-29 16:36:20,191] INFO [broker-1-ThrottledChannelReaper-Produce]: Starting (kafka.server.ClientQuotaManager$ThrottledChannelReaper)
[2026-04-29 16:36:20,192] INFO [broker-1-ThrottledChannelReaper-Request]: Starting (kafka.server.ClientQuotaManager$ThrottledChannelReaper)
[2026-04-29 16:36:20,192] INFO [broker-1-ThrottledChannelReaper-ControllerMutation]: Starting (kafka.server.ClientQuotaManager$ThrottledChannelReaper)
[2026-04-29 16:36:20,204] INFO [BrokerServer id=1] Waiting for controller quorum voters future (kafka.server.BrokerServer)
[2026-04-29 16:36:20,204] INFO [BrokerServer id=1] Finished waiting for controller quorum voters future (kafka.server.BrokerServer)
[2026-04-29 16:36:20,208] INFO [broker-1-to-controller-forwarding-channel-manager]: Starting (kafka.server.NodeToControllerRequestThread)
[2026-04-29 16:36:20,208] INFO [broker-1-to-controller-forwarding-channel-manager]: Recorded new KRaft controller, from now on will use node localhost:9093 (id: 1 rack: null) (kafka.server.NodeToControllerRequestThread)
[2026-04-29 16:36:20,212] INFO [client-metrics-reaper]: Starting (org.apache.kafka.server.util.timer.SystemTimerReaper$Reaper)
[2026-04-29 16:36:20,283] INFO [ControllerRegistrationManager id=1 incarnation=2qB2_lcaQYu-b4ZE2HdoYg] Our registration has been persisted to the metadata log. (kafka.server.ControllerRegistrationManager)
[2026-04-29 16:36:20,286] INFO [ControllerRegistrationManager id=1 incarnation=2qB2_lcaQYu-b4ZE2HdoYg] RegistrationResponseHandler: controller acknowledged ControllerRegistrationRequest. (kafka.server.ControllerRegistrationManager)
[2026-04-29 16:36:20,303] INFO Updated connection-accept-rate max connection creation rate to 2147483647 (kafka.network.ConnectionQuotas)
[2026-04-29 16:36:20,306] INFO [SocketServer listenerType=BROKER, nodeId=1] Created data-plane acceptor and processors for endpoint : ListenerName(PLAINTEXT) (kafka.network.SocketServer)
[2026-04-29 16:36:20,310] INFO [broker-1-to-controller-alter-partition-channel-manager]: Starting (kafka.server.NodeToControllerRequestThread)
[2026-04-29 16:36:20,311] INFO [broker-1-to-controller-alter-partition-channel-manager]: Recorded new KRaft controller, from now on will use node localhost:9093 (id: 1 rack: null) (kafka.server.NodeToControllerRequestThread)
[2026-04-29 16:36:20,314] INFO [broker-1-to-controller-directory-assignments-channel-manager]: Starting (kafka.server.NodeToControllerRequestThread)
[2026-04-29 16:36:20,315] INFO [broker-1-to-controller-directory-assignments-channel-manager]: Recorded new KRaft controller, from now on will use node localhost:9093 (id: 1 rack: null) (kafka.server.NodeToControllerRequestThread)
[2026-04-29 16:36:20,318] INFO [ExpirationReaper-1-Produce]: Starting (kafka.server.DelayedOperationPurgatory$ExpiredOperationReaper)
[2026-04-29 16:36:20,320] INFO [ExpirationReaper-1-Fetch]: Starting (kafka.server.DelayedOperationPurgatory$ExpiredOperationReaper)
[2026-04-29 16:36:20,323] INFO [ExpirationReaper-1-DeleteRecords]: Starting (kafka.server.DelayedOperationPurgatory$ExpiredOperationReaper)
[2026-04-29 16:36:20,376] INFO [ExpirationReaper-1-ElectLeader]: Starting (kafka.server.DelayedOperationPurgatory$ExpiredOperationReaper)
[2026-04-29 16:36:20,377] INFO [ExpirationReaper-1-RemoteFetch]: Starting (kafka.server.DelayedOperationPurgatory$ExpiredOperationReaper)
[2026-04-29 16:36:20,383] INFO [ExpirationReaper-1-Heartbeat]: Starting (kafka.server.DelayedOperationPurgatory$ExpiredOperationReaper)
[2026-04-29 16:36:20,384] INFO [ExpirationReaper-1-Rebalance]: Starting (kafka.server.DelayedOperationPurgatory$ExpiredOperationReaper)
[2026-04-29 16:36:20,393] INFO Unable to read the broker epoch in /tmp/kafka-logs. (kafka.log.LogManager)
[2026-04-29 16:36:20,394] INFO [broker-1-to-controller-heartbeat-channel-manager]: Starting (kafka.server.NodeToControllerRequestThread)
[2026-04-29 16:36:20,394] INFO [broker-1-to-controller-heartbeat-channel-manager]: Recorded new KRaft controller, from now on will use node localhost:9093 (id: 1 rack: null) (kafka.server.NodeToControllerRequestThread)
[2026-04-29 16:36:20,396] INFO [BrokerLifecycleManager id=1] Incarnation i7cWk7e-Tu6IfJFVDvYECw of broker 1 in cluster MkU3OEVBNTcwNTJENDM2Qg is now STARTING. (kafka.server.BrokerLifecycleManager)
[2026-04-29 16:36:20,400] INFO [ExpirationReaper-1-AlterAcls]: Starting (kafka.server.DelayedOperationPurgatory$ExpiredOperationReaper)
[2026-04-29 16:36:20,413] INFO [BrokerServer id=1] Waiting for the broker metadata publishers to be installed (kafka.server.BrokerServer)
[2026-04-29 16:36:20,413] INFO [BrokerServer id=1] Finished waiting for the broker metadata publishers to be installed (kafka.server.BrokerServer)
[2026-04-29 16:36:20,413] INFO [BrokerServer id=1] Waiting for the controller to acknowledge that we are caught up (kafka.server.BrokerServer)
[2026-04-29 16:36:20,413] INFO [MetadataLoader id=1] InitializeNewPublishers: initializing MetadataVersionPublisher(id=1) with a snapshot at offset 5 (org.apache.kafka.image.loader.MetadataLoader)
[2026-04-29 16:36:20,413] INFO [MetadataLoader id=1] InitializeNewPublishers: initializing BrokerMetadataPublisher with a snapshot at offset 5 (org.apache.kafka.image.loader.MetadataLoader)
[2026-04-29 16:36:20,414] INFO [BrokerMetadataPublisher id=1] Publishing initial metadata at offset OffsetAndEpoch(offset=5, epoch=1) with metadata.version 3.8-IV0. (kafka.server.metadata.BrokerMetadataPublisher)
[2026-04-29 16:36:20,414] INFO Loading logs from log dirs ArrayBuffer(/tmp/kafka-logs) (kafka.log.LogManager)
[2026-04-29 16:36:20,417] INFO No logs found to be loaded in /tmp/kafka-logs (kafka.log.LogManager)
[2026-04-29 16:36:20,425] INFO Loaded 0 logs in 10ms (kafka.log.LogManager)
[2026-04-29 16:36:20,426] INFO Starting log cleanup with a period of 300000 ms. (kafka.log.LogManager)
[2026-04-29 16:36:20,426] INFO Starting log flusher with a default period of 9223372036854775807 ms. (kafka.log.LogManager)
[2026-04-29 16:36:20,434] INFO [BrokerLifecycleManager id=1] Successfully registered broker 1 with broker epoch 6 (kafka.server.BrokerLifecycleManager)
[2026-04-29 16:36:20,601] INFO [kafka-log-cleaner-thread-0]: Starting (kafka.log.LogCleaner$CleanerThread)
[2026-04-29 16:36:20,604] INFO [LogDirFailureHandler]: Starting (kafka.server.ReplicaManager$LogDirFailureHandler)
[2026-04-29 16:36:20,604] INFO [AddPartitionsToTxnSenderThread-1]: Starting (kafka.server.AddPartitionsToTxnManager)
[2026-04-29 16:36:20,605] INFO [GroupCoordinator 1]: Starting up. (kafka.coordinator.group.GroupCoordinator)
[2026-04-29 16:36:20,606] INFO [GroupCoordinator 1]: Startup complete. (kafka.coordinator.group.GroupCoordinator)
[2026-04-29 16:36:20,606] INFO [TransactionCoordinator id=1] Starting up. (kafka.coordinator.transaction.TransactionCoordinator)
[2026-04-29 16:36:20,607] INFO [TransactionCoordinator id=1] Startup complete. (kafka.coordinator.transaction.TransactionCoordinator)
[2026-04-29 16:36:20,607] INFO [TxnMarkerSenderThread-1]: Starting (kafka.coordinator.transaction.TransactionMarkerChannelManager)
[2026-04-29 16:36:20,610] INFO [MetadataLoader id=1] InitializeNewPublishers: initializing BrokerRegistrationTracker(id=1) with a snapshot at offset 5 (org.apache.kafka.image.loader.MetadataLoader)
[2026-04-29 16:36:20,613] INFO [BrokerLifecycleManager id=1] The broker has caught up. Transitioning from STARTING to RECOVERY. (kafka.server.BrokerLifecycleManager)
[2026-04-29 16:36:20,613] INFO [BrokerServer id=1] Finished waiting for the controller to acknowledge that we are caught up (kafka.server.BrokerServer)
[2026-04-29 16:36:20,613] INFO [BrokerServer id=1] Waiting for the initial broker metadata update to be published (kafka.server.BrokerServer)
[2026-04-29 16:36:20,613] INFO [BrokerServer id=1] Finished waiting for the initial broker metadata update to be published (kafka.server.BrokerServer)
[2026-04-29 16:36:20,615] INFO KafkaConfig values: 
	advertised.listeners = PLAINTEXT://kafka:9092
	alter.config.policy.class.name = null
	alter.log.dirs.replication.quota.window.num = 11
	alter.log.dirs.replication.quota.window.size.seconds = 1
	authorizer.class.name = 
	auto.create.topics.enable = true
	auto.include.jmx.reporter = true
	auto.leader.rebalance.enable = true
	background.threads = 10
	broker.heartbeat.interval.ms = 2000
	broker.id = 1
	broker.id.generation.enable = true
	broker.rack = null
	broker.session.timeout.ms = 9000
	client.quota.callback.class = null
	compression.gzip.level = -1
	compression.lz4.level = 9
	compression.type = producer
	compression.zstd.level = 3
	connection.failed.authentication.delay.ms = 100
	connections.max.idle.ms = 600000
	connections.max.reauth.ms = 0
	control.plane.listener.name = null
	controlled.shutdown.enable = true
	controlled.shutdown.max.retries = 3
	controlled.shutdown.retry.backoff.ms = 5000
	controller.listener.names = CONTROLLER
	controller.quorum.append.linger.ms = 25
	controller.quorum.bootstrap.servers = []
	controller.quorum.election.backoff.max.ms = 1000
	controller.quorum.election.timeout.ms = 1000
	controller.quorum.fetch.timeout.ms = 2000
	controller.quorum.request.timeout.ms = 2000
	controller.quorum.retry.backoff.ms = 20
	controller.quorum.voters = [1@localhost:9093]
	controller.quota.window.num = 11
	controller.quota.window.size.seconds = 1
	controller.socket.timeout.ms = 30000
	create.topic.policy.class.name = null
	default.replication.factor = 1
	delegation.token.expiry.check.interval.ms = 3600000
	delegation.token.expiry.time.ms = 86400000
	delegation.token.master.key = null
	delegation.token.max.lifetime.ms = 604800000
	delegation.token.secret.key = null
	delete.records.purgatory.purge.interval.requests = 1
	delete.topic.enable = true
	early.start.listeners = null
	eligible.leader.replicas.enable = false
	fetch.max.bytes = 57671680
	fetch.purgatory.purge.interval.requests = 1000
	group.consumer.assignors = [org.apache.kafka.coordinator.group.assignor.UniformAssignor, org.apache.kafka.coordinator.group.assignor.RangeAssignor]
	group.consumer.heartbeat.interval.ms = 5000
	group.consumer.max.heartbeat.interval.ms = 15000
	group.consumer.max.session.timeout.ms = 60000
	group.consumer.max.size = 2147483647
	group.consumer.migration.policy = disabled
	group.consumer.min.heartbeat.interval.ms = 5000
	group.consumer.min.session.timeout.ms = 45000
	group.consumer.session.timeout.ms = 45000
	group.coordinator.append.linger.ms = 10
	group.coordinator.new.enable = false
	group.coordinator.rebalance.protocols = [classic]
	group.coordinator.threads = 1
	group.initial.rebalance.delay.ms = 0
	group.max.session.timeout.ms = 1800000
	group.max.size = 2147483647
	group.min.session.timeout.ms = 6000
	initial.broker.registration.timeout.ms = 60000
	inter.broker.listener.name = PLAINTEXT
	inter.broker.protocol.version = 3.8-IV0
	kafka.metrics.polling.interval.secs = 10
	kafka.metrics.reporters = []
	leader.imbalance.check.interval.seconds = 300
	leader.imbalance.per.broker.percentage = 10
	listener.security.protocol.map = PLAINTEXT:PLAINTEXT,CONTROLLER:PLAINTEXT
	listeners = PLAINTEXT://0.0.0.0:9092,CONTROLLER://0.0.0.0:9093
	log.cleaner.backoff.ms = 15000
	log.cleaner.dedupe.buffer.size = 134217728
	log.cleaner.delete.retention.ms = 86400000
	log.cleaner.enable = true
	log.cleaner.io.buffer.load.factor = 0.9
	log.cleaner.io.buffer.size = 524288
	log.cleaner.io.max.bytes.per.second = 1.7976931348623157E308
	log.cleaner.max.compaction.lag.ms = 9223372036854775807
	log.cleaner.min.cleanable.ratio = 0.5
	log.cleaner.min.compaction.lag.ms = 0
	log.cleaner.threads = 1
	log.cleanup.policy = [delete]
	log.dir = /tmp/kafka-logs
	log.dir.failure.timeout.ms = 30000
	log.dirs = null
	log.flush.interval.messages = 9223372036854775807
	log.flush.interval.ms = null
	log.flush.offset.checkpoint.interval.ms = 60000
	log.flush.scheduler.interval.ms = 9223372036854775807
	log.flush.start.offset.checkpoint.interval.ms = 60000
	log.index.interval.bytes = 4096
	log.index.size.max.bytes = 10485760
	log.initial.task.delay.ms = 30000
	log.local.retention.bytes = -2
	log.local.retention.ms = -2
	log.message.downconversion.enable = true
	log.message.format.version = 3.0-IV1
	log.message.timestamp.after.max.ms = 9223372036854775807
	log.message.timestamp.before.max.ms = 9223372036854775807
	log.message.timestamp.difference.max.ms = 9223372036854775807
	log.message.timestamp.type = CreateTime
	log.preallocate = false
	log.retention.bytes = -1
	log.retention.check.interval.ms = 300000
	log.retention.hours = 168
	log.retention.minutes = null
	log.retention.ms = null
	log.roll.hours = 168
	log.roll.jitter.hours = 0
	log.roll.jitter.ms = null
	log.roll.ms = null
	log.segment.bytes = 1073741824
	log.segment.delete.delay.ms = 60000
	max.connection.creation.rate = 2147483647
	max.connections = 2147483647
	max.connections.per.ip = 2147483647
	max.connections.per.ip.overrides = 
	max.incremental.fetch.session.cache.slots = 1000
	max.request.partition.size.limit = 2000
	message.max.bytes = 1048588
	metadata.log.dir = null
	metadata.log.max.record.bytes.between.snapshots = 20971520
	metadata.log.max.snapshot.interval.ms = 3600000
	metadata.log.segment.bytes = 1073741824
	metadata.log.segment.min.bytes = 8388608
	metadata.log.segment.ms = 604800000
	metadata.max.idle.interval.ms = 500
	metadata.max.retention.bytes = 104857600
	metadata.max.retention.ms = 604800000
	metric.reporters = []
	metrics.num.samples = 2
	metrics.recording.level = INFO
	metrics.sample.window.ms = 30000
	min.insync.replicas = 1
	node.id = 1
	num.io.threads = 8
	num.network.threads = 3
	num.partitions = 3
	num.recovery.threads.per.data.dir = 1
	num.replica.alter.log.dirs.threads = null
	num.replica.fetchers = 1
	offset.metadata.max.bytes = 4096
	offsets.commit.required.acks = -1
	offsets.commit.timeout.ms = 5000
	offsets.load.buffer.size = 5242880
	offsets.retention.check.interval.ms = 600000
	offsets.retention.minutes = 10080
	offsets.topic.compression.codec = 0
	offsets.topic.num.partitions = 50
	offsets.topic.replication.factor = 1
	offsets.topic.segment.bytes = 104857600
	password.encoder.cipher.algorithm = AES/CBC/PKCS5Padding
	password.encoder.iterations = 4096
	password.encoder.key.length = 128
	password.encoder.keyfactory.algorithm = null
	password.encoder.old.secret = null
	password.encoder.secret = null
	principal.builder.class = class org.apache.kafka.common.security.authenticator.DefaultKafkaPrincipalBuilder
	process.roles = [broker, controller]
	producer.id.expiration.check.interval.ms = 600000
	producer.id.expiration.ms = 86400000
	producer.purgatory.purge.interval.requests = 1000
	queued.max.request.bytes = -1
	queued.max.requests = 500
	quota.window.num = 11
	quota.window.size.seconds = 1
	remote.fetch.max.wait.ms = 500
	remote.log.index.file.cache.total.size.bytes = 1073741824
	remote.log.manager.copier.thread.pool.size = 10
	remote.log.manager.copy.max.bytes.per.second = 9223372036854775807
	remote.log.manager.copy.quota.window.num = 11
	remote.log.manager.copy.quota.window.size.seconds = 1
	remote.log.manager.expiration.thread.pool.size = 10
	remote.log.manager.fetch.max.bytes.per.second = 9223372036854775807
	remote.log.manager.fetch.quota.window.num = 11
	remote.log.manager.fetch.quota.window.size.seconds = 1
	remote.log.manager.task.interval.ms = 30000
	remote.log.manager.task.retry.backoff.max.ms = 30000
	remote.log.manager.task.retry.backoff.ms = 500
	remote.log.manager.task.retry.jitter = 0.2
	remote.log.manager.thread.pool.size = 10
	remote.log.metadata.custom.metadata.max.bytes = 128
	remote.log.metadata.manager.class.name = org.apache.kafka.server.log.remote.metadata.storage.TopicBasedRemoteLogMetadataManager
	remote.log.metadata.manager.class.path = null
	remote.log.metadata.manager.impl.prefix = rlmm.config.
	remote.log.metadata.manager.listener.name = null
	remote.log.reader.max.pending.tasks = 100
	remote.log.reader.threads = 10
	remote.log.storage.manager.class.name = null
	remote.log.storage.manager.class.path = null
	remote.log.storage.manager.impl.prefix = rsm.config.
	remote.log.storage.system.enable = false
	replica.fetch.backoff.ms = 1000
	replica.fetch.max.bytes = 1048576
	replica.fetch.min.bytes = 1
	replica.fetch.response.max.bytes = 10485760
	replica.fetch.wait.max.ms = 500
	replica.high.watermark.checkpoint.interval.ms = 5000
	replica.lag.time.max.ms = 30000
	replica.selector.class = null
	replica.socket.receive.buffer.bytes = 65536
	replica.socket.timeout.ms = 30000
	replication.quota.window.num = 11
	replication.quota.window.size.seconds = 1
	request.timeout.ms = 30000
	reserved.broker.max.id = 1000
	sasl.client.callback.handler.class = null
	sasl.enabled.mechanisms = [GSSAPI]
	sasl.jaas.config = null
	sasl.kerberos.kinit.cmd = /usr/bin/kinit
	sasl.kerberos.min.time.before.relogin = 60000
	sasl.kerberos.principal.to.local.rules = [DEFAULT]
	sasl.kerberos.service.name = null
	sasl.kerberos.ticket.renew.jitter = 0.05
	sasl.kerberos.ticket.renew.window.factor = 0.8
	sasl.login.callback.handler.class = null
	sasl.login.class = null
	sasl.login.connect.timeout.ms = null
	sasl.login.read.timeout.ms = null
	sasl.login.refresh.buffer.seconds = 300
	sasl.login.refresh.min.period.seconds = 60
	sasl.login.refresh.window.factor = 0.8
	sasl.login.refresh.window.jitter = 0.05
	sasl.login.retry.backoff.max.ms = 10000
	sasl.login.retry.backoff.ms = 100
	sasl.mechanism.controller.protocol = GSSAPI
	sasl.mechanism.inter.broker.protocol = GSSAPI
	sasl.oauthbearer.clock.skew.seconds = 30
	sasl.oauthbearer.expected.audience = null
	sasl.oauthbearer.expected.issuer = null
	sasl.oauthbearer.jwks.endpoint.refresh.ms = 3600000
	sasl.oauthbearer.jwks.endpoint.retry.backoff.max.ms = 10000
	sasl.oauthbearer.jwks.endpoint.retry.backoff.ms = 100
	sasl.oauthbearer.jwks.endpoint.url = null
	sasl.oauthbearer.scope.claim.name = scope
	sasl.oauthbearer.sub.claim.name = sub
	sasl.oauthbearer.token.endpoint.url = null
	sasl.server.callback.handler.class = null
	sasl.server.max.receive.size = 524288
	security.inter.broker.protocol = PLAINTEXT
	security.providers = null
	server.max.startup.time.ms = 9223372036854775807
	socket.connection.setup.timeout.max.ms = 30000
	socket.connection.setup.timeout.ms = 10000
	socket.listen.backlog.size = 50
	socket.receive.buffer.bytes = 102400
	socket.request.max.bytes = 104857600
	socket.send.buffer.bytes = 102400
	ssl.allow.dn.changes = false
	ssl.allow.san.changes = false
	ssl.cipher.suites = []
	ssl.client.auth = none
	ssl.enabled.protocols = [TLSv1.2, TLSv1.3]
	ssl.endpoint.identification.algorithm = https
	ssl.engine.factory.class = null
	ssl.key.password = null
	ssl.keymanager.algorithm = SunX509
	ssl.keystore.certificate.chain = null
	ssl.keystore.key = null
	ssl.keystore.location = null
	ssl.keystore.password = null
	ssl.keystore.type = JKS
	ssl.principal.mapping.rules = DEFAULT
	ssl.protocol = TLSv1.3
	ssl.provider = null
	ssl.secure.random.implementation = null
	ssl.trustmanager.algorithm = PKIX
	ssl.truststore.certificates = null
	ssl.truststore.location = null
	ssl.truststore.password = null
	ssl.truststore.type = JKS
	telemetry.max.bytes = 1048576
	transaction.abort.timed.out.transaction.cleanup.interval.ms = 10000
	transaction.max.timeout.ms = 900000
	transaction.partition.verification.enable = true
	transaction.remove.expired.transaction.cleanup.interval.ms = 3600000
	transaction.state.log.load.buffer.size = 5242880
	transaction.state.log.min.isr = 1
	transaction.state.log.num.partitions = 50
	transaction.state.log.replication.factor = 1
	transaction.state.log.segment.bytes = 104857600
	transactional.id.expiration.ms = 604800000
	unclean.leader.election.enable = false
	unstable.api.versions.enable = false
	unstable.feature.versions.enable = false
	zookeeper.clientCnxnSocket = null
	zookeeper.connect = null
	zookeeper.connection.timeout.ms = null
	zookeeper.max.in.flight.requests = 10
	zookeeper.metadata.migration.enable = false
	zookeeper.metadata.migration.min.batch.size = 200
	zookeeper.session.timeout.ms = 18000
	zookeeper.set.acl = false
	zookeeper.ssl.cipher.suites = null
	zookeeper.ssl.client.enable = false
	zookeeper.ssl.crl.enable = false
	zookeeper.ssl.enabled.protocols = null
	zookeeper.ssl.endpoint.identification.algorithm = HTTPS
	zookeeper.ssl.keystore.location = null
	zookeeper.ssl.keystore.password = null
	zookeeper.ssl.keystore.type = null
	zookeeper.ssl.ocsp.enable = false
	zookeeper.ssl.protocol = TLSv1.2
	zookeeper.ssl.truststore.location = null
	zookeeper.ssl.truststore.password = null
	zookeeper.ssl.truststore.type = null
 (kafka.server.KafkaConfig)
[2026-04-29 16:36:20,616] INFO RemoteLogManagerConfig values: 
	log.local.retention.bytes = -2
	log.local.retention.ms = -2
	remote.fetch.max.wait.ms = 500
	remote.log.index.file.cache.total.size.bytes = 1073741824
	remote.log.manager.copier.thread.pool.size = 10
	remote.log.manager.copy.max.bytes.per.second = 9223372036854775807
	remote.log.manager.copy.quota.window.num = 11
	remote.log.manager.copy.quota.window.size.seconds = 1
	remote.log.manager.expiration.thread.pool.size = 10
	remote.log.manager.fetch.max.bytes.per.second = 9223372036854775807
	remote.log.manager.fetch.quota.window.num = 11
	remote.log.manager.fetch.quota.window.size.seconds = 1
	remote.log.manager.task.interval.ms = 30000
	remote.log.manager.task.retry.backoff.max.ms = 30000
	remote.log.manager.task.retry.backoff.ms = 500
	remote.log.manager.task.retry.jitter = 0.2
	remote.log.manager.thread.pool.size = 10
	remote.log.metadata.custom.metadata.max.bytes = 128
	remote.log.metadata.manager.class.name = org.apache.kafka.server.log.remote.metadata.storage.TopicBasedRemoteLogMetadataManager
	remote.log.metadata.manager.class.path = null
	remote.log.metadata.manager.impl.prefix = rlmm.config.
	remote.log.metadata.manager.listener.name = null
	remote.log.reader.max.pending.tasks = 100
	remote.log.reader.threads = 10
	remote.log.storage.manager.class.name = null
	remote.log.storage.manager.class.path = null
	remote.log.storage.manager.impl.prefix = rsm.config.
	remote.log.storage.system.enable = false
 (org.apache.kafka.server.log.remote.storage.RemoteLogManagerConfig)
[2026-04-29 16:36:20,618] INFO [BrokerServer id=1] Waiting for the broker to be unfenced (kafka.server.BrokerServer)
[2026-04-29 16:36:20,649] INFO [BrokerLifecycleManager id=1] The broker has been unfenced. Transitioning from RECOVERY to RUNNING. (kafka.server.BrokerLifecycleManager)
[2026-04-29 16:36:20,649] INFO [BrokerServer id=1] Finished waiting for the broker to be unfenced (kafka.server.BrokerServer)
[2026-04-29 16:36:20,649] INFO authorizerStart completed for endpoint PLAINTEXT. Endpoint is now READY. (org.apache.kafka.server.network.EndpointReadyFutures)
[2026-04-29 16:36:20,650] INFO [SocketServer listenerType=BROKER, nodeId=1] Enabling request processing. (kafka.network.SocketServer)
[2026-04-29 16:36:20,650] INFO Awaiting socket connections on 0.0.0.0:9092. (kafka.network.DataPlaneAcceptor)
[2026-04-29 16:36:20,651] INFO [BrokerServer id=1] Waiting for all of the authorizer futures to be completed (kafka.server.BrokerServer)
[2026-04-29 16:36:20,651] INFO [BrokerServer id=1] Finished waiting for all of the authorizer futures to be completed (kafka.server.BrokerServer)
[2026-04-29 16:36:20,651] INFO [BrokerServer id=1] Waiting for all of the SocketServer Acceptors to be started (kafka.server.BrokerServer)
[2026-04-29 16:36:20,651] INFO [BrokerServer id=1] Finished waiting for all of the SocketServer Acceptors to be started (kafka.server.BrokerServer)
[2026-04-29 16:36:20,651] INFO [BrokerServer id=1] Transition from STARTING to STARTED (kafka.server.BrokerServer)
[2026-04-29 16:36:20,652] INFO Kafka version: 3.8.0 (org.apache.kafka.common.utils.AppInfoParser)
[2026-04-29 16:36:20,652] INFO Kafka commitId: 771b9576b00ecf5b (org.apache.kafka.common.utils.AppInfoParser)
[2026-04-29 16:36:20,652] INFO Kafka startTimeMs: 1777480580651 (org.apache.kafka.common.utils.AppInfoParser)
[2026-04-29 16:36:20,652] INFO [KafkaRaftServer nodeId=1] Kafka Server started (kafka.server.KafkaRaftServer)
[2026-04-29 16:36:39,043] INFO Sent auto-creation request for Set(balance-updates) to the active controller. (kafka.server.DefaultAutoTopicCreationManager)
[2026-04-29 16:36:39,083] INFO [ReplicaFetcherManager on broker 1] Removed fetcher for partitions Set(balance-updates-1, balance-updates-2, balance-updates-0) (kafka.server.ReplicaFetcherManager)
[2026-04-29 16:36:39,094] INFO [LogLoader partition=balance-updates-1, dir=/tmp/kafka-logs] Loading producer state till offset 0 with message format version 2 (kafka.log.UnifiedLog$)
[2026-04-29 16:36:39,096] INFO Created log for partition balance-updates-1 in /tmp/kafka-logs/balance-updates-1 with properties {} (kafka.log.LogManager)
[2026-04-29 16:36:39,099] INFO [Partition balance-updates-1 broker=1] No checkpointed highwatermark is found for partition balance-updates-1 (kafka.cluster.Partition)
[2026-04-29 16:36:39,100] INFO [Partition balance-updates-1 broker=1] Log loaded for partition balance-updates-1 with initial high watermark 0 (kafka.cluster.Partition)
[2026-04-29 16:36:39,111] INFO [LogLoader partition=balance-updates-2, dir=/tmp/kafka-logs] Loading producer state till offset 0 with message format version 2 (kafka.log.UnifiedLog$)
[2026-04-29 16:36:39,112] INFO Created log for partition balance-updates-2 in /tmp/kafka-logs/balance-updates-2 with properties {} (kafka.log.LogManager)
[2026-04-29 16:36:39,112] INFO [Partition balance-updates-2 broker=1] No checkpointed highwatermark is found for partition balance-updates-2 (kafka.cluster.Partition)
[2026-04-29 16:36:39,112] INFO [Partition balance-updates-2 broker=1] Log loaded for partition balance-updates-2 with initial high watermark 0 (kafka.cluster.Partition)
[2026-04-29 16:36:39,122] INFO [LogLoader partition=balance-updates-0, dir=/tmp/kafka-logs] Loading producer state till offset 0 with message format version 2 (kafka.log.UnifiedLog$)
[2026-04-29 16:36:39,123] INFO Created log for partition balance-updates-0 in /tmp/kafka-logs/balance-updates-0 with properties {} (kafka.log.LogManager)
[2026-04-29 16:36:39,123] INFO [Partition balance-updates-0 broker=1] No checkpointed highwatermark is found for partition balance-updates-0 (kafka.cluster.Partition)
[2026-04-29 16:36:39,123] INFO [Partition balance-updates-0 broker=1] Log loaded for partition balance-updates-0 with initial high watermark 0 (kafka.cluster.Partition)
[2026-04-29 16:36:39,153] INFO Sent auto-creation request for Set(__consumer_offsets) to the active controller. (kafka.server.DefaultAutoTopicCreationManager)
[2026-04-29 16:36:39,198] INFO [ReplicaFetcherManager on broker 1] Removed fetcher for partitions Set(__consumer_offsets-13, __consumer_offsets-46, __consumer_offsets-9, __consumer_offsets-42, __consumer_offsets-21, __consumer_offsets-17, __consumer_offsets-30, __consumer_offsets-26, __consumer_offsets-5, __consumer_offsets-38, __consumer_offsets-1, __consumer_offsets-34, __consumer_offsets-16, __consumer_offsets-45, __consumer_offsets-12, __consumer_offsets-41, __consumer_offsets-24, __consumer_offsets-20, __consumer_offsets-49, __consumer_offsets-0, __consumer_offsets-29, __consumer_offsets-25, __consumer_offsets-8, __consumer_offsets-37, __consumer_offsets-4, __consumer_offsets-33, __consumer_offsets-15, __consumer_offsets-48, __consumer_offsets-11, __consumer_offsets-44, __consumer_offsets-23, __consumer_offsets-19, __consumer_offsets-32, __consumer_offsets-28, __consumer_offsets-7, __consumer_offsets-40, __consumer_offsets-3, __consumer_offsets-36, __consumer_offsets-47, __consumer_offsets-14, __consumer_offsets-43, __consumer_offsets-10, __consumer_offsets-22, __consumer_offsets-18, __consumer_offsets-31, __consumer_offsets-27, __consumer_offsets-39, __consumer_offsets-6, __consumer_offsets-35, __consumer_offsets-2) (kafka.server.ReplicaFetcherManager)
[2026-04-29 16:36:39,205] INFO [LogLoader partition=__consumer_offsets-13, dir=/tmp/kafka-logs] Loading producer state till offset 0 with message format version 2 (kafka.log.UnifiedLog$)
[2026-04-29 16:36:39,206] INFO Created log for partition __consumer_offsets-13 in /tmp/kafka-logs/__consumer_offsets-13 with properties {cleanup.policy=compact, compression.type="producer", segment.bytes=104857600} (kafka.log.LogManager)
[2026-04-29 16:36:39,207] INFO [Partition __consumer_offsets-13 broker=1] No checkpointed highwatermark is found for partition __consumer_offsets-13 (kafka.cluster.Partition)
[2026-04-29 16:36:39,208] INFO [Partition __consumer_offsets-13 broker=1] Log loaded for partition __consumer_offsets-13 with initial high watermark 0 (kafka.cluster.Partition)
[2026-04-29 16:36:39,223] INFO [LogLoader partition=__consumer_offsets-46, dir=/tmp/kafka-logs] Loading producer state till offset 0 with message format version 2 (kafka.log.UnifiedLog$)
[2026-04-29 16:36:39,224] INFO Created log for partition __consumer_offsets-46 in /tmp/kafka-logs/__consumer_offsets-46 with properties {cleanup.policy=compact, compression.type="producer", segment.bytes=104857600} (kafka.log.LogManager)
[2026-04-29 16:36:39,224] INFO [Partition __consumer_offsets-46 broker=1] No checkpointed highwatermark is found for partition __consumer_offsets-46 (kafka.cluster.Partition)
[2026-04-29 16:36:39,224] INFO [Partition __consumer_offsets-46 broker=1] Log loaded for partition __consumer_offsets-46 with initial high watermark 0 (kafka.cluster.Partition)
[2026-04-29 16:36:39,243] INFO [LogLoader partition=__consumer_offsets-9, dir=/tmp/kafka-logs] Loading producer state till offset 0 with message format version 2 (kafka.log.UnifiedLog$)
[2026-04-29 16:36:39,244] INFO Created log for partition __consumer_offsets-9 in /tmp/kafka-logs/__consumer_offsets-9 with properties {cleanup.policy=compact, compression.type="producer", segment.bytes=104857600} (kafka.log.LogManager)
[2026-04-29 16:36:39,244] INFO [Partition __consumer_offsets-9 broker=1] No checkpointed highwatermark is found for partition __consumer_offsets-9 (kafka.cluster.Partition)
[2026-04-29 16:36:39,244] INFO [Partition __consumer_offsets-9 broker=1] Log loaded for partition __consumer_offsets-9 with initial high watermark 0 (kafka.cluster.Partition)
[2026-04-29 16:36:39,257] INFO [LogLoader partition=__consumer_offsets-42, dir=/tmp/kafka-logs] Loading producer state till offset 0 with message format version 2 (kafka.log.UnifiedLog$)
[2026-04-29 16:36:39,258] INFO Created log for partition __consumer_offsets-42 in /tmp/kafka-logs/__consumer_offsets-42 with properties {cleanup.policy=compact, compression.type="producer", segment.bytes=104857600} (kafka.log.LogManager)
[2026-04-29 16:36:39,258] INFO [Partition __consumer_offsets-42 broker=1] No checkpointed highwatermark is found for partition __consumer_offsets-42 (kafka.cluster.Partition)
[2026-04-29 16:36:39,258] INFO [Partition __consumer_offsets-42 broker=1] Log loaded for partition __consumer_offsets-42 with initial high watermark 0 (kafka.cluster.Partition)
[2026-04-29 16:36:39,275] INFO [LogLoader partition=__consumer_offsets-21, dir=/tmp/kafka-logs] Loading producer state till offset 0 with message format version 2 (kafka.log.UnifiedLog$)
[2026-04-29 16:36:39,276] INFO Created log for partition __consumer_offsets-21 in /tmp/kafka-logs/__consumer_offsets-21 with properties {cleanup.policy=compact, compression.type="producer", segment.bytes=104857600} (kafka.log.LogManager)
[2026-04-29 16:36:39,276] INFO [Partition __consumer_offsets-21 broker=1] No checkpointed highwatermark is found for partition __consumer_offsets-21 (kafka.cluster.Partition)
[2026-04-29 16:36:39,276] INFO [Partition __consumer_offsets-21 broker=1] Log loaded for partition __consumer_offsets-21 with initial high watermark 0 (kafka.cluster.Partition)
[2026-04-29 16:36:39,289] INFO [LogLoader partition=__consumer_offsets-17, dir=/tmp/kafka-logs] Loading producer state till offset 0 with message format version 2 (kafka.log.UnifiedLog$)
[2026-04-29 16:36:39,290] INFO Created log for partition __consumer_offsets-17 in /tmp/kafka-logs/__consumer_offsets-17 with properties {cleanup.policy=compact, compression.type="producer", segment.bytes=104857600} (kafka.log.LogManager)
[2026-04-29 16:36:39,290] INFO [Partition __consumer_offsets-17 broker=1] No checkpointed highwatermark is found for partition __consumer_offsets-17 (kafka.cluster.Partition)
[2026-04-29 16:36:39,290] INFO [Partition __consumer_offsets-17 broker=1] Log loaded for partition __consumer_offsets-17 with initial high watermark 0 (kafka.cluster.Partition)
[2026-04-29 16:36:39,305] INFO [LogLoader partition=__consumer_offsets-30, dir=/tmp/kafka-logs] Loading producer state till offset 0 with message format version 2 (kafka.log.UnifiedLog$)
[2026-04-29 16:36:39,305] INFO Created log for partition __consumer_offsets-30 in /tmp/kafka-logs/__consumer_offsets-30 with properties {cleanup.policy=compact, compression.type="producer", segment.bytes=104857600} (kafka.log.LogManager)
[2026-04-29 16:36:39,306] INFO [Partition __consumer_offsets-30 broker=1] No checkpointed highwatermark is found for partition __consumer_offsets-30 (kafka.cluster.Partition)
[2026-04-29 16:36:39,306] INFO [Partition __consumer_offsets-30 broker=1] Log loaded for partition __consumer_offsets-30 with initial high watermark 0 (kafka.cluster.Partition)
[2026-04-29 16:36:39,322] INFO [LogLoader partition=__consumer_offsets-26, dir=/tmp/kafka-logs] Loading producer state till offset 0 with message format version 2 (kafka.log.UnifiedLog$)
[2026-04-29 16:36:39,324] INFO Created log for partition __consumer_offsets-26 in /tmp/kafka-logs/__consumer_offsets-26 with properties {cleanup.policy=compact, compression.type="producer", segment.bytes=104857600} (kafka.log.LogManager)
[2026-04-29 16:36:39,324] INFO [Partition __consumer_offsets-26 broker=1] No checkpointed highwatermark is found for partition __consumer_offsets-26 (kafka.cluster.Partition)
[2026-04-29 16:36:39,324] INFO [Partition __consumer_offsets-26 broker=1] Log loaded for partition __consumer_offsets-26 with initial high watermark 0 (kafka.cluster.Partition)
[2026-04-29 16:36:39,334] INFO [LogLoader partition=__consumer_offsets-5, dir=/tmp/kafka-logs] Loading producer state till offset 0 with message format version 2 (kafka.log.UnifiedLog$)
[2026-04-29 16:36:39,336] INFO Created log for partition __consumer_offsets-5 in /tmp/kafka-logs/__consumer_offsets-5 with properties {cleanup.policy=compact, compression.type="producer", segment.bytes=104857600} (kafka.log.LogManager)
[2026-04-29 16:36:39,336] INFO [Partition __consumer_offsets-5 broker=1] No checkpointed highwatermark is found for partition __consumer_offsets-5 (kafka.cluster.Partition)
[2026-04-29 16:36:39,336] INFO [Partition __consumer_offsets-5 broker=1] Log loaded for partition __consumer_offsets-5 with initial high watermark 0 (kafka.cluster.Partition)
[2026-04-29 16:36:39,349] INFO [LogLoader partition=__consumer_offsets-38, dir=/tmp/kafka-logs] Loading producer state till offset 0 with message format version 2 (kafka.log.UnifiedLog$)
[2026-04-29 16:36:39,351] INFO Created log for partition __consumer_offsets-38 in /tmp/kafka-logs/__consumer_offsets-38 with properties {cleanup.policy=compact, compression.type="producer", segment.bytes=104857600} (kafka.log.LogManager)
[2026-04-29 16:36:39,351] INFO [Partition __consumer_offsets-38 broker=1] No checkpointed highwatermark is found for partition __consumer_offsets-38 (kafka.cluster.Partition)
[2026-04-29 16:36:39,351] INFO [Partition __consumer_offsets-38 broker=1] Log loaded for partition __consumer_offsets-38 with initial high watermark 0 (kafka.cluster.Partition)
[2026-04-29 16:36:39,390] INFO [LogLoader partition=__consumer_offsets-1, dir=/tmp/kafka-logs] Loading producer state till offset 0 with message format version 2 (kafka.log.UnifiedLog$)
[2026-04-29 16:36:39,391] INFO Created log for partition __consumer_offsets-1 in /tmp/kafka-logs/__consumer_offsets-1 with properties {cleanup.policy=compact, compression.type="producer", segment.bytes=104857600} (kafka.log.LogManager)
[2026-04-29 16:36:39,391] INFO [Partition __consumer_offsets-1 broker=1] No checkpointed highwatermark is found for partition __consumer_offsets-1 (kafka.cluster.Partition)
[2026-04-29 16:36:39,391] INFO [Partition __consumer_offsets-1 broker=1] Log loaded for partition __consumer_offsets-1 with initial high watermark 0 (kafka.cluster.Partition)
[2026-04-29 16:36:39,406] INFO [LogLoader partition=__consumer_offsets-34, dir=/tmp/kafka-logs] Loading producer state till offset 0 with message format version 2 (kafka.log.UnifiedLog$)
[2026-04-29 16:36:39,407] INFO Created log for partition __consumer_offsets-34 in /tmp/kafka-logs/__consumer_offsets-34 with properties {cleanup.policy=compact, compression.type="producer", segment.bytes=104857600} (kafka.log.LogManager)
[2026-04-29 16:36:39,407] INFO [Partition __consumer_offsets-34 broker=1] No checkpointed highwatermark is found for partition __consumer_offsets-34 (kafka.cluster.Partition)
[2026-04-29 16:36:39,407] INFO [Partition __consumer_offsets-34 broker=1] Log loaded for partition __consumer_offsets-34 with initial high watermark 0 (kafka.cluster.Partition)
[2026-04-29 16:36:39,418] INFO [LogLoader partition=__consumer_offsets-16, dir=/tmp/kafka-logs] Loading producer state till offset 0 with message format version 2 (kafka.log.UnifiedLog$)
[2026-04-29 16:36:39,419] INFO Created log for partition __consumer_offsets-16 in /tmp/kafka-logs/__consumer_offsets-16 with properties {cleanup.policy=compact, compression.type="producer", segment.bytes=104857600} (kafka.log.LogManager)
[2026-04-29 16:36:39,419] INFO [Partition __consumer_offsets-16 broker=1] No checkpointed highwatermark is found for partition __consumer_offsets-16 (kafka.cluster.Partition)
[2026-04-29 16:36:39,419] INFO [Partition __consumer_offsets-16 broker=1] Log loaded for partition __consumer_offsets-16 with initial high watermark 0 (kafka.cluster.Partition)
[2026-04-29 16:36:39,430] INFO [LogLoader partition=__consumer_offsets-45, dir=/tmp/kafka-logs] Loading producer state till offset 0 with message format version 2 (kafka.log.UnifiedLog$)
[2026-04-29 16:36:39,430] INFO Created log for partition __consumer_offsets-45 in /tmp/kafka-logs/__consumer_offsets-45 with properties {cleanup.policy=compact, compression.type="producer", segment.bytes=104857600} (kafka.log.LogManager)
[2026-04-29 16:36:39,430] INFO [Partition __consumer_offsets-45 broker=1] No checkpointed highwatermark is found for partition __consumer_offsets-45 (kafka.cluster.Partition)
[2026-04-29 16:36:39,430] INFO [Partition __consumer_offsets-45 broker=1] Log loaded for partition __consumer_offsets-45 with initial high watermark 0 (kafka.cluster.Partition)
[2026-04-29 16:36:39,442] INFO [LogLoader partition=__consumer_offsets-12, dir=/tmp/kafka-logs] Loading producer state till offset 0 with message format version 2 (kafka.log.UnifiedLog$)
[2026-04-29 16:36:39,443] INFO Created log for partition __consumer_offsets-12 in /tmp/kafka-logs/__consumer_offsets-12 with properties {cleanup.policy=compact, compression.type="producer", segment.bytes=104857600} (kafka.log.LogManager)
[2026-04-29 16:36:39,443] INFO [Partition __consumer_offsets-12 broker=1] No checkpointed highwatermark is found for partition __consumer_offsets-12 (kafka.cluster.Partition)
[2026-04-29 16:36:39,443] INFO [Partition __consumer_offsets-12 broker=1] Log loaded for partition __consumer_offsets-12 with initial high watermark 0 (kafka.cluster.Partition)
[2026-04-29 16:36:39,456] INFO [LogLoader partition=__consumer_offsets-41, dir=/tmp/kafka-logs] Loading producer state till offset 0 with message format version 2 (kafka.log.UnifiedLog$)
[2026-04-29 16:36:39,457] INFO Created log for partition __consumer_offsets-41 in /tmp/kafka-logs/__consumer_offsets-41 with properties {cleanup.policy=compact, compression.type="producer", segment.bytes=104857600} (kafka.log.LogManager)
[2026-04-29 16:36:39,457] INFO [Partition __consumer_offsets-41 broker=1] No checkpointed highwatermark is found for partition __consumer_offsets-41 (kafka.cluster.Partition)
[2026-04-29 16:36:39,457] INFO [Partition __consumer_offsets-41 broker=1] Log loaded for partition __consumer_offsets-41 with initial high watermark 0 (kafka.cluster.Partition)
[2026-04-29 16:36:39,469] INFO [LogLoader partition=__consumer_offsets-24, dir=/tmp/kafka-logs] Loading producer state till offset 0 with message format version 2 (kafka.log.UnifiedLog$)
[2026-04-29 16:36:39,471] INFO Created log for partition __consumer_offsets-24 in /tmp/kafka-logs/__consumer_offsets-24 with properties {cleanup.policy=compact, compression.type="producer", segment.bytes=104857600} (kafka.log.LogManager)
[2026-04-29 16:36:39,471] INFO [Partition __consumer_offsets-24 broker=1] No checkpointed highwatermark is found for partition __consumer_offsets-24 (kafka.cluster.Partition)
[2026-04-29 16:36:39,471] INFO [Partition __consumer_offsets-24 broker=1] Log loaded for partition __consumer_offsets-24 with initial high watermark 0 (kafka.cluster.Partition)
[2026-04-29 16:36:39,484] INFO [LogLoader partition=__consumer_offsets-20, dir=/tmp/kafka-logs] Loading producer state till offset 0 with message format version 2 (kafka.log.UnifiedLog$)
[2026-04-29 16:36:39,484] INFO Created log for partition __consumer_offsets-20 in /tmp/kafka-logs/__consumer_offsets-20 with properties {cleanup.policy=compact, compression.type="producer", segment.bytes=104857600} (kafka.log.LogManager)
[2026-04-29 16:36:39,485] INFO [Partition __consumer_offsets-20 broker=1] No checkpointed highwatermark is found for partition __consumer_offsets-20 (kafka.cluster.Partition)
[2026-04-29 16:36:39,485] INFO [Partition __consumer_offsets-20 broker=1] Log loaded for partition __consumer_offsets-20 with initial high watermark 0 (kafka.cluster.Partition)
[2026-04-29 16:36:39,497] INFO [LogLoader partition=__consumer_offsets-49, dir=/tmp/kafka-logs] Loading producer state till offset 0 with message format version 2 (kafka.log.UnifiedLog$)
[2026-04-29 16:36:39,497] INFO Created log for partition __consumer_offsets-49 in /tmp/kafka-logs/__consumer_offsets-49 with properties {cleanup.policy=compact, compression.type="producer", segment.bytes=104857600} (kafka.log.LogManager)
[2026-04-29 16:36:39,497] INFO [Partition __consumer_offsets-49 broker=1] No checkpointed highwatermark is found for partition __consumer_offsets-49 (kafka.cluster.Partition)
[2026-04-29 16:36:39,497] INFO [Partition __consumer_offsets-49 broker=1] Log loaded for partition __consumer_offsets-49 with initial high watermark 0 (kafka.cluster.Partition)
[2026-04-29 16:36:39,519] INFO [LogLoader partition=__consumer_offsets-0, dir=/tmp/kafka-logs] Loading producer state till offset 0 with message format version 2 (kafka.log.UnifiedLog$)
[2026-04-29 16:36:39,520] INFO Created log for partition __consumer_offsets-0 in /tmp/kafka-logs/__consumer_offsets-0 with properties {cleanup.policy=compact, compression.type="producer", segment.bytes=104857600} (kafka.log.LogManager)
[2026-04-29 16:36:39,520] INFO [Partition __consumer_offsets-0 broker=1] No checkpointed highwatermark is found for partition __consumer_offsets-0 (kafka.cluster.Partition)
[2026-04-29 16:36:39,520] INFO [Partition __consumer_offsets-0 broker=1] Log loaded for partition __consumer_offsets-0 with initial high watermark 0 (kafka.cluster.Partition)
[2026-04-29 16:36:39,536] INFO [LogLoader partition=__consumer_offsets-29, dir=/tmp/kafka-logs] Loading producer state till offset 0 with message format version 2 (kafka.log.UnifiedLog$)
[2026-04-29 16:36:39,537] INFO Created log for partition __consumer_offsets-29 in /tmp/kafka-logs/__consumer_offsets-29 with properties {cleanup.policy=compact, compression.type="producer", segment.bytes=104857600} (kafka.log.LogManager)
[2026-04-29 16:36:39,537] INFO [Partition __consumer_offsets-29 broker=1] No checkpointed highwatermark is found for partition __consumer_offsets-29 (kafka.cluster.Partition)
[2026-04-29 16:36:39,537] INFO [Partition __consumer_offsets-29 broker=1] Log loaded for partition __consumer_offsets-29 with initial high watermark 0 (kafka.cluster.Partition)
[2026-04-29 16:36:39,550] INFO [LogLoader partition=__consumer_offsets-25, dir=/tmp/kafka-logs] Loading producer state till offset 0 with message format version 2 (kafka.log.UnifiedLog$)
[2026-04-29 16:36:39,551] INFO Created log for partition __consumer_offsets-25 in /tmp/kafka-logs/__consumer_offsets-25 with properties {cleanup.policy=compact, compression.type="producer", segment.bytes=104857600} (kafka.log.LogManager)
[2026-04-29 16:36:39,552] INFO [Partition __consumer_offsets-25 broker=1] No checkpointed highwatermark is found for partition __consumer_offsets-25 (kafka.cluster.Partition)
[2026-04-29 16:36:39,552] INFO [Partition __consumer_offsets-25 broker=1] Log loaded for partition __consumer_offsets-25 with initial high watermark 0 (kafka.cluster.Partition)
[2026-04-29 16:36:39,563] INFO [LogLoader partition=__consumer_offsets-8, dir=/tmp/kafka-logs] Loading producer state till offset 0 with message format version 2 (kafka.log.UnifiedLog$)
[2026-04-29 16:36:39,563] INFO Created log for partition __consumer_offsets-8 in /tmp/kafka-logs/__consumer_offsets-8 with properties {cleanup.policy=compact, compression.type="producer", segment.bytes=104857600} (kafka.log.LogManager)
[2026-04-29 16:36:39,563] INFO [Partition __consumer_offsets-8 broker=1] No checkpointed highwatermark is found for partition __consumer_offsets-8 (kafka.cluster.Partition)
[2026-04-29 16:36:39,563] INFO [Partition __consumer_offsets-8 broker=1] Log loaded for partition __consumer_offsets-8 with initial high watermark 0 (kafka.cluster.Partition)
[2026-04-29 16:36:39,574] INFO [LogLoader partition=__consumer_offsets-37, dir=/tmp/kafka-logs] Loading producer state till offset 0 with message format version 2 (kafka.log.UnifiedLog$)
[2026-04-29 16:36:39,575] INFO Created log for partition __consumer_offsets-37 in /tmp/kafka-logs/__consumer_offsets-37 with properties {cleanup.policy=compact, compression.type="producer", segment.bytes=104857600} (kafka.log.LogManager)
[2026-04-29 16:36:39,575] INFO [Partition __consumer_offsets-37 broker=1] No checkpointed highwatermark is found for partition __consumer_offsets-37 (kafka.cluster.Partition)
[2026-04-29 16:36:39,575] INFO [Partition __consumer_offsets-37 broker=1] Log loaded for partition __consumer_offsets-37 with initial high watermark 0 (kafka.cluster.Partition)
[2026-04-29 16:36:39,588] INFO [LogLoader partition=__consumer_offsets-4, dir=/tmp/kafka-logs] Loading producer state till offset 0 with message format version 2 (kafka.log.UnifiedLog$)
[2026-04-29 16:36:39,588] INFO Created log for partition __consumer_offsets-4 in /tmp/kafka-logs/__consumer_offsets-4 with properties {cleanup.policy=compact, compression.type="producer", segment.bytes=104857600} (kafka.log.LogManager)
[2026-04-29 16:36:39,589] INFO [Partition __consumer_offsets-4 broker=1] No checkpointed highwatermark is found for partition __consumer_offsets-4 (kafka.cluster.Partition)
[2026-04-29 16:36:39,589] INFO [Partition __consumer_offsets-4 broker=1] Log loaded for partition __consumer_offsets-4 with initial high watermark 0 (kafka.cluster.Partition)
[2026-04-29 16:36:39,600] INFO [LogLoader partition=__consumer_offsets-33, dir=/tmp/kafka-logs] Loading producer state till offset 0 with message format version 2 (kafka.log.UnifiedLog$)
[2026-04-29 16:36:39,601] INFO Created log for partition __consumer_offsets-33 in /tmp/kafka-logs/__consumer_offsets-33 with properties {cleanup.policy=compact, compression.type="producer", segment.bytes=104857600} (kafka.log.LogManager)
[2026-04-29 16:36:39,601] INFO [Partition __consumer_offsets-33 broker=1] No checkpointed highwatermark is found for partition __consumer_offsets-33 (kafka.cluster.Partition)
[2026-04-29 16:36:39,601] INFO [Partition __consumer_offsets-33 broker=1] Log loaded for partition __consumer_offsets-33 with initial high watermark 0 (kafka.cluster.Partition)
[2026-04-29 16:36:39,613] INFO [LogLoader partition=__consumer_offsets-15, dir=/tmp/kafka-logs] Loading producer state till offset 0 with message format version 2 (kafka.log.UnifiedLog$)
[2026-04-29 16:36:39,614] INFO Created log for partition __consumer_offsets-15 in /tmp/kafka-logs/__consumer_offsets-15 with properties {cleanup.policy=compact, compression.type="producer", segment.bytes=104857600} (kafka.log.LogManager)
[2026-04-29 16:36:39,615] INFO [Partition __consumer_offsets-15 broker=1] No checkpointed highwatermark is found for partition __consumer_offsets-15 (kafka.cluster.Partition)
[2026-04-29 16:36:39,615] INFO [Partition __consumer_offsets-15 broker=1] Log loaded for partition __consumer_offsets-15 with initial high watermark 0 (kafka.cluster.Partition)
[2026-04-29 16:36:39,626] INFO [LogLoader partition=__consumer_offsets-48, dir=/tmp/kafka-logs] Loading producer state till offset 0 with message format version 2 (kafka.log.UnifiedLog$)
[2026-04-29 16:36:39,627] INFO Created log for partition __consumer_offsets-48 in /tmp/kafka-logs/__consumer_offsets-48 with properties {cleanup.policy=compact, compression.type="producer", segment.bytes=104857600} (kafka.log.LogManager)
[2026-04-29 16:36:39,627] INFO [Partition __consumer_offsets-48 broker=1] No checkpointed highwatermark is found for partition __consumer_offsets-48 (kafka.cluster.Partition)
[2026-04-29 16:36:39,627] INFO [Partition __consumer_offsets-48 broker=1] Log loaded for partition __consumer_offsets-48 with initial high watermark 0 (kafka.cluster.Partition)
[2026-04-29 16:36:39,639] INFO [LogLoader partition=__consumer_offsets-11, dir=/tmp/kafka-logs] Loading producer state till offset 0 with message format version 2 (kafka.log.UnifiedLog$)
[2026-04-29 16:36:39,640] INFO Created log for partition __consumer_offsets-11 in /tmp/kafka-logs/__consumer_offsets-11 with properties {cleanup.policy=compact, compression.type="producer", segment.bytes=104857600} (kafka.log.LogManager)
[2026-04-29 16:36:39,640] INFO [Partition __consumer_offsets-11 broker=1] No checkpointed highwatermark is found for partition __consumer_offsets-11 (kafka.cluster.Partition)
[2026-04-29 16:36:39,640] INFO [Partition __consumer_offsets-11 broker=1] Log loaded for partition __consumer_offsets-11 with initial high watermark 0 (kafka.cluster.Partition)
[2026-04-29 16:36:39,654] INFO [LogLoader partition=__consumer_offsets-44, dir=/tmp/kafka-logs] Loading producer state till offset 0 with message format version 2 (kafka.log.UnifiedLog$)
[2026-04-29 16:36:39,655] INFO Created log for partition __consumer_offsets-44 in /tmp/kafka-logs/__consumer_offsets-44 with properties {cleanup.policy=compact, compression.type="producer", segment.bytes=104857600} (kafka.log.LogManager)
[2026-04-29 16:36:39,655] INFO [Partition __consumer_offsets-44 broker=1] No checkpointed highwatermark is found for partition __consumer_offsets-44 (kafka.cluster.Partition)
[2026-04-29 16:36:39,655] INFO [Partition __consumer_offsets-44 broker=1] Log loaded for partition __consumer_offsets-44 with initial high watermark 0 (kafka.cluster.Partition)
[2026-04-29 16:36:39,669] INFO [LogLoader partition=__consumer_offsets-23, dir=/tmp/kafka-logs] Loading producer state till offset 0 with message format version 2 (kafka.log.UnifiedLog$)
[2026-04-29 16:36:39,669] INFO Created log for partition __consumer_offsets-23 in /tmp/kafka-logs/__consumer_offsets-23 with properties {cleanup.policy=compact, compression.type="producer", segment.bytes=104857600} (kafka.log.LogManager)
[2026-04-29 16:36:39,669] INFO [Partition __consumer_offsets-23 broker=1] No checkpointed highwatermark is found for partition __consumer_offsets-23 (kafka.cluster.Partition)
[2026-04-29 16:36:39,669] INFO [Partition __consumer_offsets-23 broker=1] Log loaded for partition __consumer_offsets-23 with initial high watermark 0 (kafka.cluster.Partition)
[2026-04-29 16:36:39,681] INFO [LogLoader partition=__consumer_offsets-19, dir=/tmp/kafka-logs] Loading producer state till offset 0 with message format version 2 (kafka.log.UnifiedLog$)
[2026-04-29 16:36:39,681] INFO Created log for partition __consumer_offsets-19 in /tmp/kafka-logs/__consumer_offsets-19 with properties {cleanup.policy=compact, compression.type="producer", segment.bytes=104857600} (kafka.log.LogManager)
[2026-04-29 16:36:39,681] INFO [Partition __consumer_offsets-19 broker=1] No checkpointed highwatermark is found for partition __consumer_offsets-19 (kafka.cluster.Partition)
[2026-04-29 16:36:39,681] INFO [Partition __consumer_offsets-19 broker=1] Log loaded for partition __consumer_offsets-19 with initial high watermark 0 (kafka.cluster.Partition)
[2026-04-29 16:36:39,694] INFO [LogLoader partition=__consumer_offsets-32, dir=/tmp/kafka-logs] Loading producer state till offset 0 with message format version 2 (kafka.log.UnifiedLog$)
[2026-04-29 16:36:39,696] INFO Created log for partition __consumer_offsets-32 in /tmp/kafka-logs/__consumer_offsets-32 with properties {cleanup.policy=compact, compression.type="producer", segment.bytes=104857600} (kafka.log.LogManager)
[2026-04-29 16:36:39,696] INFO [Partition __consumer_offsets-32 broker=1] No checkpointed highwatermark is found for partition __consumer_offsets-32 (kafka.cluster.Partition)
[2026-04-29 16:36:39,696] INFO [Partition __consumer_offsets-32 broker=1] Log loaded for partition __consumer_offsets-32 with initial high watermark 0 (kafka.cluster.Partition)
[2026-04-29 16:36:39,709] INFO [LogLoader partition=__consumer_offsets-28, dir=/tmp/kafka-logs] Loading producer state till offset 0 with message format version 2 (kafka.log.UnifiedLog$)
[2026-04-29 16:36:39,709] INFO Created log for partition __consumer_offsets-28 in /tmp/kafka-logs/__consumer_offsets-28 with properties {cleanup.policy=compact, compression.type="producer", segment.bytes=104857600} (kafka.log.LogManager)
[2026-04-29 16:36:39,710] INFO [Partition __consumer_offsets-28 broker=1] No checkpointed highwatermark is found for partition __consumer_offsets-28 (kafka.cluster.Partition)
[2026-04-29 16:36:39,710] INFO [Partition __consumer_offsets-28 broker=1] Log loaded for partition __consumer_offsets-28 with initial high watermark 0 (kafka.cluster.Partition)
[2026-04-29 16:36:39,729] INFO [LogLoader partition=__consumer_offsets-7, dir=/tmp/kafka-logs] Loading producer state till offset 0 with message format version 2 (kafka.log.UnifiedLog$)
[2026-04-29 16:36:39,729] INFO Created log for partition __consumer_offsets-7 in /tmp/kafka-logs/__consumer_offsets-7 with properties {cleanup.policy=compact, compression.type="producer", segment.bytes=104857600} (kafka.log.LogManager)
[2026-04-29 16:36:39,729] INFO [Partition __consumer_offsets-7 broker=1] No checkpointed highwatermark is found for partition __consumer_offsets-7 (kafka.cluster.Partition)
[2026-04-29 16:36:39,730] INFO [Partition __consumer_offsets-7 broker=1] Log loaded for partition __consumer_offsets-7 with initial high watermark 0 (kafka.cluster.Partition)
[2026-04-29 16:36:39,740] INFO [LogLoader partition=__consumer_offsets-40, dir=/tmp/kafka-logs] Loading producer state till offset 0 with message format version 2 (kafka.log.UnifiedLog$)
[2026-04-29 16:36:39,741] INFO Created log for partition __consumer_offsets-40 in /tmp/kafka-logs/__consumer_offsets-40 with properties {cleanup.policy=compact, compression.type="producer", segment.bytes=104857600} (kafka.log.LogManager)
[2026-04-29 16:36:39,741] INFO [Partition __consumer_offsets-40 broker=1] No checkpointed highwatermark is found for partition __consumer_offsets-40 (kafka.cluster.Partition)
[2026-04-29 16:36:39,741] INFO [Partition __consumer_offsets-40 broker=1] Log loaded for partition __consumer_offsets-40 with initial high watermark 0 (kafka.cluster.Partition)
[2026-04-29 16:36:39,753] INFO [LogLoader partition=__consumer_offsets-3, dir=/tmp/kafka-logs] Loading producer state till offset 0 with message format version 2 (kafka.log.UnifiedLog$)
[2026-04-29 16:36:39,754] INFO Created log for partition __consumer_offsets-3 in /tmp/kafka-logs/__consumer_offsets-3 with properties {cleanup.policy=compact, compression.type="producer", segment.bytes=104857600} (kafka.log.LogManager)
[2026-04-29 16:36:39,754] INFO [Partition __consumer_offsets-3 broker=1] No checkpointed highwatermark is found for partition __consumer_offsets-3 (kafka.cluster.Partition)
[2026-04-29 16:36:39,754] INFO [Partition __consumer_offsets-3 broker=1] Log loaded for partition __consumer_offsets-3 with initial high watermark 0 (kafka.cluster.Partition)
[2026-04-29 16:36:39,765] INFO [LogLoader partition=__consumer_offsets-36, dir=/tmp/kafka-logs] Loading producer state till offset 0 with message format version 2 (kafka.log.UnifiedLog$)
[2026-04-29 16:36:39,765] INFO Created log for partition __consumer_offsets-36 in /tmp/kafka-logs/__consumer_offsets-36 with properties {cleanup.policy=compact, compression.type="producer", segment.bytes=104857600} (kafka.log.LogManager)
[2026-04-29 16:36:39,765] INFO [Partition __consumer_offsets-36 broker=1] No checkpointed highwatermark is found for partition __consumer_offsets-36 (kafka.cluster.Partition)
[2026-04-29 16:36:39,765] INFO [Partition __consumer_offsets-36 broker=1] Log loaded for partition __consumer_offsets-36 with initial high watermark 0 (kafka.cluster.Partition)
[2026-04-29 16:36:39,777] INFO [LogLoader partition=__consumer_offsets-47, dir=/tmp/kafka-logs] Loading producer state till offset 0 with message format version 2 (kafka.log.UnifiedLog$)
[2026-04-29 16:36:39,777] INFO Created log for partition __consumer_offsets-47 in /tmp/kafka-logs/__consumer_offsets-47 with properties {cleanup.policy=compact, compression.type="producer", segment.bytes=104857600} (kafka.log.LogManager)
[2026-04-29 16:36:39,777] INFO [Partition __consumer_offsets-47 broker=1] No checkpointed highwatermark is found for partition __consumer_offsets-47 (kafka.cluster.Partition)
[2026-04-29 16:36:39,777] INFO [Partition __consumer_offsets-47 broker=1] Log loaded for partition __consumer_offsets-47 with initial high watermark 0 (kafka.cluster.Partition)
[2026-04-29 16:36:39,789] INFO [LogLoader partition=__consumer_offsets-14, dir=/tmp/kafka-logs] Loading producer state till offset 0 with message format version 2 (kafka.log.UnifiedLog$)
[2026-04-29 16:36:39,789] INFO Created log for partition __consumer_offsets-14 in /tmp/kafka-logs/__consumer_offsets-14 with properties {cleanup.policy=compact, compression.type="producer", segment.bytes=104857600} (kafka.log.LogManager)
[2026-04-29 16:36:39,789] INFO [Partition __consumer_offsets-14 broker=1] No checkpointed highwatermark is found for partition __consumer_offsets-14 (kafka.cluster.Partition)
[2026-04-29 16:36:39,790] INFO [Partition __consumer_offsets-14 broker=1] Log loaded for partition __consumer_offsets-14 with initial high watermark 0 (kafka.cluster.Partition)
[2026-04-29 16:36:39,802] INFO [LogLoader partition=__consumer_offsets-43, dir=/tmp/kafka-logs] Loading producer state till offset 0 with message format version 2 (kafka.log.UnifiedLog$)
[2026-04-29 16:36:39,802] INFO Created log for partition __consumer_offsets-43 in /tmp/kafka-logs/__consumer_offsets-43 with properties {cleanup.policy=compact, compression.type="producer", segment.bytes=104857600} (kafka.log.LogManager)
[2026-04-29 16:36:39,803] INFO [Partition __consumer_offsets-43 broker=1] No checkpointed highwatermark is found for partition __consumer_offsets-43 (kafka.cluster.Partition)
[2026-04-29 16:36:39,803] INFO [Partition __consumer_offsets-43 broker=1] Log loaded for partition __consumer_offsets-43 with initial high watermark 0 (kafka.cluster.Partition)
[2026-04-29 16:36:39,814] INFO [LogLoader partition=__consumer_offsets-10, dir=/tmp/kafka-logs] Loading producer state till offset 0 with message format version 2 (kafka.log.UnifiedLog$)
[2026-04-29 16:36:39,814] INFO Created log for partition __consumer_offsets-10 in /tmp/kafka-logs/__consumer_offsets-10 with properties {cleanup.policy=compact, compression.type="producer", segment.bytes=104857600} (kafka.log.LogManager)
[2026-04-29 16:36:39,814] INFO [Partition __consumer_offsets-10 broker=1] No checkpointed highwatermark is found for partition __consumer_offsets-10 (kafka.cluster.Partition)
[2026-04-29 16:36:39,814] INFO [Partition __consumer_offsets-10 broker=1] Log loaded for partition __consumer_offsets-10 with initial high watermark 0 (kafka.cluster.Partition)
[2026-04-29 16:36:39,824] INFO [LogLoader partition=__consumer_offsets-22, dir=/tmp/kafka-logs] Loading producer state till offset 0 with message format version 2 (kafka.log.UnifiedLog$)
[2026-04-29 16:36:39,825] INFO Created log for partition __consumer_offsets-22 in /tmp/kafka-logs/__consumer_offsets-22 with properties {cleanup.policy=compact, compression.type="producer", segment.bytes=104857600} (kafka.log.LogManager)
[2026-04-29 16:36:39,825] INFO [Partition __consumer_offsets-22 broker=1] No checkpointed highwatermark is found for partition __consumer_offsets-22 (kafka.cluster.Partition)
[2026-04-29 16:36:39,825] INFO [Partition __consumer_offsets-22 broker=1] Log loaded for partition __consumer_offsets-22 with initial high watermark 0 (kafka.cluster.Partition)
[2026-04-29 16:36:39,835] INFO [LogLoader partition=__consumer_offsets-18, dir=/tmp/kafka-logs] Loading producer state till offset 0 with message format version 2 (kafka.log.UnifiedLog$)
[2026-04-29 16:36:39,836] INFO Created log for partition __consumer_offsets-18 in /tmp/kafka-logs/__consumer_offsets-18 with properties {cleanup.policy=compact, compression.type="producer", segment.bytes=104857600} (kafka.log.LogManager)
[2026-04-29 16:36:39,836] INFO [Partition __consumer_offsets-18 broker=1] No checkpointed highwatermark is found for partition __consumer_offsets-18 (kafka.cluster.Partition)
[2026-04-29 16:36:39,836] INFO [Partition __consumer_offsets-18 broker=1] Log loaded for partition __consumer_offsets-18 with initial high watermark 0 (kafka.cluster.Partition)
[2026-04-29 16:36:39,846] INFO [LogLoader partition=__consumer_offsets-31, dir=/tmp/kafka-logs] Loading producer state till offset 0 with message format version 2 (kafka.log.UnifiedLog$)
[2026-04-29 16:36:39,846] INFO Created log for partition __consumer_offsets-31 in /tmp/kafka-logs/__consumer_offsets-31 with properties {cleanup.policy=compact, compression.type="producer", segment.bytes=104857600} (kafka.log.LogManager)
[2026-04-29 16:36:39,846] INFO [Partition __consumer_offsets-31 broker=1] No checkpointed highwatermark is found for partition __consumer_offsets-31 (kafka.cluster.Partition)
[2026-04-29 16:36:39,846] INFO [Partition __consumer_offsets-31 broker=1] Log loaded for partition __consumer_offsets-31 with initial high watermark 0 (kafka.cluster.Partition)
[2026-04-29 16:36:39,862] INFO [LogLoader partition=__consumer_offsets-27, dir=/tmp/kafka-logs] Loading producer state till offset 0 with message format version 2 (kafka.log.UnifiedLog$)
[2026-04-29 16:36:39,862] INFO Created log for partition __consumer_offsets-27 in /tmp/kafka-logs/__consumer_offsets-27 with properties {cleanup.policy=compact, compression.type="producer", segment.bytes=104857600} (kafka.log.LogManager)
[2026-04-29 16:36:39,862] INFO [Partition __consumer_offsets-27 broker=1] No checkpointed highwatermark is found for partition __consumer_offsets-27 (kafka.cluster.Partition)
[2026-04-29 16:36:39,862] INFO [Partition __consumer_offsets-27 broker=1] Log loaded for partition __consumer_offsets-27 with initial high watermark 0 (kafka.cluster.Partition)
[2026-04-29 16:36:39,873] INFO [LogLoader partition=__consumer_offsets-39, dir=/tmp/kafka-logs] Loading producer state till offset 0 with message format version 2 (kafka.log.UnifiedLog$)
[2026-04-29 16:36:39,874] INFO Created log for partition __consumer_offsets-39 in /tmp/kafka-logs/__consumer_offsets-39 with properties {cleanup.policy=compact, compression.type="producer", segment.bytes=104857600} (kafka.log.LogManager)
[2026-04-29 16:36:39,874] INFO [Partition __consumer_offsets-39 broker=1] No checkpointed highwatermark is found for partition __consumer_offsets-39 (kafka.cluster.Partition)
[2026-04-29 16:36:39,874] INFO [Partition __consumer_offsets-39 broker=1] Log loaded for partition __consumer_offsets-39 with initial high watermark 0 (kafka.cluster.Partition)
[2026-04-29 16:36:39,885] INFO [LogLoader partition=__consumer_offsets-6, dir=/tmp/kafka-logs] Loading producer state till offset 0 with message format version 2 (kafka.log.UnifiedLog$)
[2026-04-29 16:36:39,886] INFO Created log for partition __consumer_offsets-6 in /tmp/kafka-logs/__consumer_offsets-6 with properties {cleanup.policy=compact, compression.type="producer", segment.bytes=104857600} (kafka.log.LogManager)
[2026-04-29 16:36:39,886] INFO [Partition __consumer_offsets-6 broker=1] No checkpointed highwatermark is found for partition __consumer_offsets-6 (kafka.cluster.Partition)
[2026-04-29 16:36:39,886] INFO [Partition __consumer_offsets-6 broker=1] Log loaded for partition __consumer_offsets-6 with initial high watermark 0 (kafka.cluster.Partition)
[2026-04-29 16:36:39,896] INFO [LogLoader partition=__consumer_offsets-35, dir=/tmp/kafka-logs] Loading producer state till offset 0 with message format version 2 (kafka.log.UnifiedLog$)
[2026-04-29 16:36:39,896] INFO Created log for partition __consumer_offsets-35 in /tmp/kafka-logs/__consumer_offsets-35 with properties {cleanup.policy=compact, compression.type="producer", segment.bytes=104857600} (kafka.log.LogManager)
[2026-04-29 16:36:39,896] INFO [Partition __consumer_offsets-35 broker=1] No checkpointed highwatermark is found for partition __consumer_offsets-35 (kafka.cluster.Partition)
[2026-04-29 16:36:39,897] INFO [Partition __consumer_offsets-35 broker=1] Log loaded for partition __consumer_offsets-35 with initial high watermark 0 (kafka.cluster.Partition)
[2026-04-29 16:36:39,906] INFO [LogLoader partition=__consumer_offsets-2, dir=/tmp/kafka-logs] Loading producer state till offset 0 with message format version 2 (kafka.log.UnifiedLog$)
[2026-04-29 16:36:39,907] INFO Created log for partition __consumer_offsets-2 in /tmp/kafka-logs/__consumer_offsets-2 with properties {cleanup.policy=compact, compression.type="producer", segment.bytes=104857600} (kafka.log.LogManager)
[2026-04-29 16:36:39,907] INFO [Partition __consumer_offsets-2 broker=1] No checkpointed highwatermark is found for partition __consumer_offsets-2 (kafka.cluster.Partition)
[2026-04-29 16:36:39,907] INFO [Partition __consumer_offsets-2 broker=1] Log loaded for partition __consumer_offsets-2 with initial high watermark 0 (kafka.cluster.Partition)
[2026-04-29 16:36:39,915] INFO [GroupCoordinator 1]: Elected as the group coordinator for partition 13 in epoch 0 (kafka.coordinator.group.GroupCoordinator)
[2026-04-29 16:36:39,916] INFO [GroupMetadataManager brokerId=1] Scheduling loading of offsets and group metadata from __consumer_offsets-13 for epoch 0 (kafka.coordinator.group.GroupMetadataManager)
[2026-04-29 16:36:39,917] INFO [GroupCoordinator 1]: Elected as the group coordinator for partition 46 in epoch 0 (kafka.coordinator.group.GroupCoordinator)
[2026-04-29 16:36:39,917] INFO [GroupMetadataManager brokerId=1] Scheduling loading of offsets and group metadata from __consumer_offsets-46 for epoch 0 (kafka.coordinator.group.GroupMetadataManager)
[2026-04-29 16:36:39,917] INFO [GroupCoordinator 1]: Elected as the group coordinator for partition 9 in epoch 0 (kafka.coordinator.group.GroupCoordinator)
[2026-04-29 16:36:39,917] INFO [GroupMetadataManager brokerId=1] Scheduling loading of offsets and group metadata from __consumer_offsets-9 for epoch 0 (kafka.coordinator.group.GroupMetadataManager)
[2026-04-29 16:36:39,917] INFO [GroupCoordinator 1]: Elected as the group coordinator for partition 42 in epoch 0 (kafka.coordinator.group.GroupCoordinator)
[2026-04-29 16:36:39,917] INFO [GroupMetadataManager brokerId=1] Scheduling loading of offsets and group metadata from __consumer_offsets-42 for epoch 0 (kafka.coordinator.group.GroupMetadataManager)
[2026-04-29 16:36:39,917] INFO [GroupCoordinator 1]: Elected as the group coordinator for partition 21 in epoch 0 (kafka.coordinator.group.GroupCoordinator)
[2026-04-29 16:36:39,917] INFO [GroupMetadataManager brokerId=1] Scheduling loading of offsets and group metadata from __consumer_offsets-21 for epoch 0 (kafka.coordinator.group.GroupMetadataManager)
[2026-04-29 16:36:39,917] INFO [GroupCoordinator 1]: Elected as the group coordinator for partition 17 in epoch 0 (kafka.coordinator.group.GroupCoordinator)
[2026-04-29 16:36:39,917] INFO [GroupMetadataManager brokerId=1] Scheduling loading of offsets and group metadata from __consumer_offsets-17 for epoch 0 (kafka.coordinator.group.GroupMetadataManager)
[2026-04-29 16:36:39,917] INFO [GroupCoordinator 1]: Elected as the group coordinator for partition 30 in epoch 0 (kafka.coordinator.group.GroupCoordinator)
[2026-04-29 16:36:39,917] INFO [GroupMetadataManager brokerId=1] Scheduling loading of offsets and group metadata from __consumer_offsets-30 for epoch 0 (kafka.coordinator.group.GroupMetadataManager)
[2026-04-29 16:36:39,917] INFO [GroupCoordinator 1]: Elected as the group coordinator for partition 26 in epoch 0 (kafka.coordinator.group.GroupCoordinator)
[2026-04-29 16:36:39,917] INFO [GroupMetadataManager brokerId=1] Scheduling loading of offsets and group metadata from __consumer_offsets-26 for epoch 0 (kafka.coordinator.group.GroupMetadataManager)
[2026-04-29 16:36:39,917] INFO [GroupCoordinator 1]: Elected as the group coordinator for partition 5 in epoch 0 (kafka.coordinator.group.GroupCoordinator)
[2026-04-29 16:36:39,917] INFO [GroupMetadataManager brokerId=1] Scheduling loading of offsets and group metadata from __consumer_offsets-5 for epoch 0 (kafka.coordinator.group.GroupMetadataManager)
[2026-04-29 16:36:39,917] INFO [GroupCoordinator 1]: Elected as the group coordinator for partition 38 in epoch 0 (kafka.coordinator.group.GroupCoordinator)
[2026-04-29 16:36:39,917] INFO [GroupMetadataManager brokerId=1] Scheduling loading of offsets and group metadata from __consumer_offsets-38 for epoch 0 (kafka.coordinator.group.GroupMetadataManager)
[2026-04-29 16:36:39,917] INFO [GroupCoordinator 1]: Elected as the group coordinator for partition 1 in epoch 0 (kafka.coordinator.group.GroupCoordinator)
[2026-04-29 16:36:39,917] INFO [GroupMetadataManager brokerId=1] Scheduling loading of offsets and group metadata from __consumer_offsets-1 for epoch 0 (kafka.coordinator.group.GroupMetadataManager)
[2026-04-29 16:36:39,917] INFO [GroupCoordinator 1]: Elected as the group coordinator for partition 34 in epoch 0 (kafka.coordinator.group.GroupCoordinator)
[2026-04-29 16:36:39,917] INFO [GroupMetadataManager brokerId=1] Scheduling loading of offsets and group metadata from __consumer_offsets-34 for epoch 0 (kafka.coordinator.group.GroupMetadataManager)
[2026-04-29 16:36:39,917] INFO [GroupCoordinator 1]: Elected as the group coordinator for partition 16 in epoch 0 (kafka.coordinator.group.GroupCoordinator)
[2026-04-29 16:36:39,917] INFO [GroupMetadataManager brokerId=1] Scheduling loading of offsets and group metadata from __consumer_offsets-16 for epoch 0 (kafka.coordinator.group.GroupMetadataManager)
[2026-04-29 16:36:39,917] INFO [GroupCoordinator 1]: Elected as the group coordinator for partition 45 in epoch 0 (kafka.coordinator.group.GroupCoordinator)
[2026-04-29 16:36:39,917] INFO [GroupMetadataManager brokerId=1] Scheduling loading of offsets and group metadata from __consumer_offsets-45 for epoch 0 (kafka.coordinator.group.GroupMetadataManager)
[2026-04-29 16:36:39,917] INFO [GroupCoordinator 1]: Elected as the group coordinator for partition 12 in epoch 0 (kafka.coordinator.group.GroupCoordinator)
[2026-04-29 16:36:39,917] INFO [GroupMetadataManager brokerId=1] Scheduling loading of offsets and group metadata from __consumer_offsets-12 for epoch 0 (kafka.coordinator.group.GroupMetadataManager)
[2026-04-29 16:36:39,917] INFO [GroupCoordinator 1]: Elected as the group coordinator for partition 41 in epoch 0 (kafka.coordinator.group.GroupCoordinator)
[2026-04-29 16:36:39,917] INFO [GroupMetadataManager brokerId=1] Scheduling loading of offsets and group metadata from __consumer_offsets-41 for epoch 0 (kafka.coordinator.group.GroupMetadataManager)
[2026-04-29 16:36:39,917] INFO [GroupCoordinator 1]: Elected as the group coordinator for partition 24 in epoch 0 (kafka.coordinator.group.GroupCoordinator)
[2026-04-29 16:36:39,917] INFO [GroupMetadataManager brokerId=1] Scheduling loading of offsets and group metadata from __consumer_offsets-24 for epoch 0 (kafka.coordinator.group.GroupMetadataManager)
[2026-04-29 16:36:39,918] INFO [GroupCoordinator 1]: Elected as the group coordinator for partition 20 in epoch 0 (kafka.coordinator.group.GroupCoordinator)
[2026-04-29 16:36:39,918] INFO [GroupMetadataManager brokerId=1] Scheduling loading of offsets and group metadata from __consumer_offsets-20 for epoch 0 (kafka.coordinator.group.GroupMetadataManager)
[2026-04-29 16:36:39,918] INFO [GroupCoordinator 1]: Elected as the group coordinator for partition 49 in epoch 0 (kafka.coordinator.group.GroupCoordinator)
[2026-04-29 16:36:39,918] INFO [GroupMetadataManager brokerId=1] Scheduling loading of offsets and group metadata from __consumer_offsets-49 for epoch 0 (kafka.coordinator.group.GroupMetadataManager)
[2026-04-29 16:36:39,918] INFO [GroupCoordinator 1]: Elected as the group coordinator for partition 0 in epoch 0 (kafka.coordinator.group.GroupCoordinator)
[2026-04-29 16:36:39,918] INFO [GroupMetadataManager brokerId=1] Scheduling loading of offsets and group metadata from __consumer_offsets-0 for epoch 0 (kafka.coordinator.group.GroupMetadataManager)
[2026-04-29 16:36:39,918] INFO [GroupCoordinator 1]: Elected as the group coordinator for partition 29 in epoch 0 (kafka.coordinator.group.GroupCoordinator)
[2026-04-29 16:36:39,918] INFO [GroupMetadataManager brokerId=1] Scheduling loading of offsets and group metadata from __consumer_offsets-29 for epoch 0 (kafka.coordinator.group.GroupMetadataManager)
[2026-04-29 16:36:39,918] INFO [GroupCoordinator 1]: Elected as the group coordinator for partition 25 in epoch 0 (kafka.coordinator.group.GroupCoordinator)
[2026-04-29 16:36:39,918] INFO [GroupMetadataManager brokerId=1] Scheduling loading of offsets and group metadata from __consumer_offsets-25 for epoch 0 (kafka.coordinator.group.GroupMetadataManager)
[2026-04-29 16:36:39,918] INFO [GroupCoordinator 1]: Elected as the group coordinator for partition 8 in epoch 0 (kafka.coordinator.group.GroupCoordinator)
[2026-04-29 16:36:39,918] INFO [GroupMetadataManager brokerId=1] Scheduling loading of offsets and group metadata from __consumer_offsets-8 for epoch 0 (kafka.coordinator.group.GroupMetadataManager)
[2026-04-29 16:36:39,918] INFO [GroupCoordinator 1]: Elected as the group coordinator for partition 37 in epoch 0 (kafka.coordinator.group.GroupCoordinator)
[2026-04-29 16:36:39,918] INFO [GroupMetadataManager brokerId=1] Scheduling loading of offsets and group metadata from __consumer_offsets-37 for epoch 0 (kafka.coordinator.group.GroupMetadataManager)
[2026-04-29 16:36:39,918] INFO [GroupCoordinator 1]: Elected as the group coordinator for partition 4 in epoch 0 (kafka.coordinator.group.GroupCoordinator)
[2026-04-29 16:36:39,918] INFO [GroupMetadataManager brokerId=1] Scheduling loading of offsets and group metadata from __consumer_offsets-4 for epoch 0 (kafka.coordinator.group.GroupMetadataManager)
[2026-04-29 16:36:39,918] INFO [GroupCoordinator 1]: Elected as the group coordinator for partition 33 in epoch 0 (kafka.coordinator.group.GroupCoordinator)
[2026-04-29 16:36:39,918] INFO [GroupMetadataManager brokerId=1] Scheduling loading of offsets and group metadata from __consumer_offsets-33 for epoch 0 (kafka.coordinator.group.GroupMetadataManager)
[2026-04-29 16:36:39,918] INFO [GroupCoordinator 1]: Elected as the group coordinator for partition 15 in epoch 0 (kafka.coordinator.group.GroupCoordinator)
[2026-04-29 16:36:39,918] INFO [GroupMetadataManager brokerId=1] Scheduling loading of offsets and group metadata from __consumer_offsets-15 for epoch 0 (kafka.coordinator.group.GroupMetadataManager)
[2026-04-29 16:36:39,918] INFO [GroupCoordinator 1]: Elected as the group coordinator for partition 48 in epoch 0 (kafka.coordinator.group.GroupCoordinator)
[2026-04-29 16:36:39,918] INFO [GroupMetadataManager brokerId=1] Scheduling loading of offsets and group metadata from __consumer_offsets-48 for epoch 0 (kafka.coordinator.group.GroupMetadataManager)
[2026-04-29 16:36:39,918] INFO [GroupCoordinator 1]: Elected as the group coordinator for partition 11 in epoch 0 (kafka.coordinator.group.GroupCoordinator)
[2026-04-29 16:36:39,918] INFO [GroupMetadataManager brokerId=1] Scheduling loading of offsets and group metadata from __consumer_offsets-11 for epoch 0 (kafka.coordinator.group.GroupMetadataManager)
[2026-04-29 16:36:39,918] INFO [GroupCoordinator 1]: Elected as the group coordinator for partition 44 in epoch 0 (kafka.coordinator.group.GroupCoordinator)
[2026-04-29 16:36:39,919] INFO [GroupMetadataManager brokerId=1] Scheduling loading of offsets and group metadata from __consumer_offsets-44 for epoch 0 (kafka.coordinator.group.GroupMetadataManager)
[2026-04-29 16:36:39,919] INFO [GroupCoordinator 1]: Elected as the group coordinator for partition 23 in epoch 0 (kafka.coordinator.group.GroupCoordinator)
[2026-04-29 16:36:39,919] INFO [GroupMetadataManager brokerId=1] Scheduling loading of offsets and group metadata from __consumer_offsets-23 for epoch 0 (kafka.coordinator.group.GroupMetadataManager)
[2026-04-29 16:36:39,919] INFO [GroupCoordinator 1]: Elected as the group coordinator for partition 19 in epoch 0 (kafka.coordinator.group.GroupCoordinator)
[2026-04-29 16:36:39,919] INFO [GroupMetadataManager brokerId=1] Scheduling loading of offsets and group metadata from __consumer_offsets-19 for epoch 0 (kafka.coordinator.group.GroupMetadataManager)
[2026-04-29 16:36:39,919] INFO [GroupCoordinator 1]: Elected as the group coordinator for partition 32 in epoch 0 (kafka.coordinator.group.GroupCoordinator)
[2026-04-29 16:36:39,919] INFO [GroupMetadataManager brokerId=1] Scheduling loading of offsets and group metadata from __consumer_offsets-32 for epoch 0 (kafka.coordinator.group.GroupMetadataManager)
[2026-04-29 16:36:39,919] INFO [GroupCoordinator 1]: Elected as the group coordinator for partition 28 in epoch 0 (kafka.coordinator.group.GroupCoordinator)
[2026-04-29 16:36:39,919] INFO [GroupMetadataManager brokerId=1] Scheduling loading of offsets and group metadata from __consumer_offsets-28 for epoch 0 (kafka.coordinator.group.GroupMetadataManager)
[2026-04-29 16:36:39,919] INFO [GroupCoordinator 1]: Elected as the group coordinator for partition 7 in epoch 0 (kafka.coordinator.group.GroupCoordinator)
[2026-04-29 16:36:39,919] INFO [GroupMetadataManager brokerId=1] Scheduling loading of offsets and group metadata from __consumer_offsets-7 for epoch 0 (kafka.coordinator.group.GroupMetadataManager)
[2026-04-29 16:36:39,919] INFO [GroupCoordinator 1]: Elected as the group coordinator for partition 40 in epoch 0 (kafka.coordinator.group.GroupCoordinator)
[2026-04-29 16:36:39,919] INFO [GroupMetadataManager brokerId=1] Scheduling loading of offsets and group metadata from __consumer_offsets-40 for epoch 0 (kafka.coordinator.group.GroupMetadataManager)
[2026-04-29 16:36:39,919] INFO [GroupCoordinator 1]: Elected as the group coordinator for partition 3 in epoch 0 (kafka.coordinator.group.GroupCoordinator)
[2026-04-29 16:36:39,919] INFO [GroupMetadataManager brokerId=1] Scheduling loading of offsets and group metadata from __consumer_offsets-3 for epoch 0 (kafka.coordinator.group.GroupMetadataManager)
[2026-04-29 16:36:39,919] INFO [GroupCoordinator 1]: Elected as the group coordinator for partition 36 in epoch 0 (kafka.coordinator.group.GroupCoordinator)
[2026-04-29 16:36:39,919] INFO [GroupMetadataManager brokerId=1] Scheduling loading of offsets and group metadata from __consumer_offsets-36 for epoch 0 (kafka.coordinator.group.GroupMetadataManager)
[2026-04-29 16:36:39,919] INFO [GroupCoordinator 1]: Elected as the group coordinator for partition 47 in epoch 0 (kafka.coordinator.group.GroupCoordinator)
[2026-04-29 16:36:39,919] INFO [GroupMetadataManager brokerId=1] Scheduling loading of offsets and group metadata from __consumer_offsets-47 for epoch 0 (kafka.coordinator.group.GroupMetadataManager)
[2026-04-29 16:36:39,919] INFO [GroupCoordinator 1]: Elected as the group coordinator for partition 14 in epoch 0 (kafka.coordinator.group.GroupCoordinator)
[2026-04-29 16:36:39,919] INFO [GroupMetadataManager brokerId=1] Scheduling loading of offsets and group metadata from __consumer_offsets-14 for epoch 0 (kafka.coordinator.group.GroupMetadataManager)
[2026-04-29 16:36:39,919] INFO [GroupCoordinator 1]: Elected as the group coordinator for partition 43 in epoch 0 (kafka.coordinator.group.GroupCoordinator)
[2026-04-29 16:36:39,919] INFO [GroupMetadataManager brokerId=1] Scheduling loading of offsets and group metadata from __consumer_offsets-43 for epoch 0 (kafka.coordinator.group.GroupMetadataManager)
[2026-04-29 16:36:39,919] INFO [GroupCoordinator 1]: Elected as the group coordinator for partition 10 in epoch 0 (kafka.coordinator.group.GroupCoordinator)
[2026-04-29 16:36:39,919] INFO [GroupMetadataManager brokerId=1] Scheduling loading of offsets and group metadata from __consumer_offsets-10 for epoch 0 (kafka.coordinator.group.GroupMetadataManager)
[2026-04-29 16:36:39,919] INFO [GroupCoordinator 1]: Elected as the group coordinator for partition 22 in epoch 0 (kafka.coordinator.group.GroupCoordinator)
[2026-04-29 16:36:39,919] INFO [GroupMetadataManager brokerId=1] Scheduling loading of offsets and group metadata from __consumer_offsets-22 for epoch 0 (kafka.coordinator.group.GroupMetadataManager)
[2026-04-29 16:36:39,919] INFO [GroupCoordinator 1]: Elected as the group coordinator for partition 18 in epoch 0 (kafka.coordinator.group.GroupCoordinator)
[2026-04-29 16:36:39,919] INFO [GroupMetadataManager brokerId=1] Scheduling loading of offsets and group metadata from __consumer_offsets-18 for epoch 0 (kafka.coordinator.group.GroupMetadataManager)
[2026-04-29 16:36:39,919] INFO [GroupCoordinator 1]: Elected as the group coordinator for partition 31 in epoch 0 (kafka.coordinator.group.GroupCoordinator)
[2026-04-29 16:36:39,919] INFO [GroupMetadataManager brokerId=1] Scheduling loading of offsets and group metadata from __consumer_offsets-31 for epoch 0 (kafka.coordinator.group.GroupMetadataManager)
[2026-04-29 16:36:39,919] INFO [GroupCoordinator 1]: Elected as the group coordinator for partition 27 in epoch 0 (kafka.coordinator.group.GroupCoordinator)
[2026-04-29 16:36:39,919] INFO [GroupMetadataManager brokerId=1] Scheduling loading of offsets and group metadata from __consumer_offsets-27 for epoch 0 (kafka.coordinator.group.GroupMetadataManager)
[2026-04-29 16:36:39,919] INFO [GroupCoordinator 1]: Elected as the group coordinator for partition 39 in epoch 0 (kafka.coordinator.group.GroupCoordinator)
[2026-04-29 16:36:39,919] INFO [GroupMetadataManager brokerId=1] Scheduling loading of offsets and group metadata from __consumer_offsets-39 for epoch 0 (kafka.coordinator.group.GroupMetadataManager)
[2026-04-29 16:36:39,919] INFO [GroupCoordinator 1]: Elected as the group coordinator for partition 6 in epoch 0 (kafka.coordinator.group.GroupCoordinator)
[2026-04-29 16:36:39,919] INFO [GroupMetadataManager brokerId=1] Scheduling loading of offsets and group metadata from __consumer_offsets-6 for epoch 0 (kafka.coordinator.group.GroupMetadataManager)
[2026-04-29 16:36:39,919] INFO [GroupCoordinator 1]: Elected as the group coordinator for partition 35 in epoch 0 (kafka.coordinator.group.GroupCoordinator)
[2026-04-29 16:36:39,920] INFO [GroupMetadataManager brokerId=1] Scheduling loading of offsets and group metadata from __consumer_offsets-35 for epoch 0 (kafka.coordinator.group.GroupMetadataManager)
[2026-04-29 16:36:39,920] INFO [GroupCoordinator 1]: Elected as the group coordinator for partition 2 in epoch 0 (kafka.coordinator.group.GroupCoordinator)
[2026-04-29 16:36:39,920] INFO [GroupMetadataManager brokerId=1] Scheduling loading of offsets and group metadata from __consumer_offsets-2 for epoch 0 (kafka.coordinator.group.GroupMetadataManager)
[2026-04-29 16:36:39,923] INFO [DynamicConfigPublisher broker id=1] Updating topic __consumer_offsets with new configuration : compression.type -> producer,cleanup.policy -> compact,segment.bytes -> 104857600 (kafka.server.metadata.DynamicConfigPublisher)
[2026-04-29 16:36:39,924] INFO [GroupMetadataManager brokerId=1] Finished loading offsets and group metadata from __consumer_offsets-13 in 6 milliseconds for epoch 0, of which 1 milliseconds was spent in the scheduler. (kafka.coordinator.group.GroupMetadataManager)
[2026-04-29 16:36:39,924] INFO [GroupMetadataManager brokerId=1] Finished loading offsets and group metadata from __consumer_offsets-46 in 7 milliseconds for epoch 0, of which 7 milliseconds was spent in the scheduler. (kafka.coordinator.group.GroupMetadataManager)
[2026-04-29 16:36:39,925] INFO [GroupMetadataManager brokerId=1] Finished loading offsets and group metadata from __consumer_offsets-9 in 8 milliseconds for epoch 0, of which 8 milliseconds was spent in the scheduler. (kafka.coordinator.group.GroupMetadataManager)
[2026-04-29 16:36:39,925] INFO [GroupMetadataManager brokerId=1] Finished loading offsets and group metadata from __consumer_offsets-42 in 8 milliseconds for epoch 0, of which 8 milliseconds was spent in the scheduler. (kafka.coordinator.group.GroupMetadataManager)
[2026-04-29 16:36:39,925] INFO [GroupMetadataManager brokerId=1] Finished loading offsets and group metadata from __consumer_offsets-21 in 8 milliseconds for epoch 0, of which 8 milliseconds was spent in the scheduler. (kafka.coordinator.group.GroupMetadataManager)
[2026-04-29 16:36:39,925] INFO [GroupMetadataManager brokerId=1] Finished loading offsets and group metadata from __consumer_offsets-17 in 8 milliseconds for epoch 0, of which 8 milliseconds was spent in the scheduler. (kafka.coordinator.group.GroupMetadataManager)
[2026-04-29 16:36:39,926] INFO [GroupMetadataManager brokerId=1] Finished loading offsets and group metadata from __consumer_offsets-30 in 9 milliseconds for epoch 0, of which 9 milliseconds was spent in the scheduler. (kafka.coordinator.group.GroupMetadataManager)
[2026-04-29 16:36:39,926] INFO [GroupMetadataManager brokerId=1] Finished loading offsets and group metadata from __consumer_offsets-26 in 9 milliseconds for epoch 0, of which 9 milliseconds was spent in the scheduler. (kafka.coordinator.group.GroupMetadataManager)
[2026-04-29 16:36:39,926] INFO [GroupMetadataManager brokerId=1] Finished loading offsets and group metadata from __consumer_offsets-5 in 9 milliseconds for epoch 0, of which 9 milliseconds was spent in the scheduler. (kafka.coordinator.group.GroupMetadataManager)
[2026-04-29 16:36:39,926] INFO [GroupMetadataManager brokerId=1] Finished loading offsets and group metadata from __consumer_offsets-38 in 9 milliseconds for epoch 0, of which 9 milliseconds was spent in the scheduler. (kafka.coordinator.group.GroupMetadataManager)
[2026-04-29 16:36:39,927] INFO [GroupMetadataManager brokerId=1] Finished loading offsets and group metadata from __consumer_offsets-1 in 10 milliseconds for epoch 0, of which 9 milliseconds was spent in the scheduler. (kafka.coordinator.group.GroupMetadataManager)
[2026-04-29 16:36:39,927] INFO [GroupMetadataManager brokerId=1] Finished loading offsets and group metadata from __consumer_offsets-34 in 10 milliseconds for epoch 0, of which 10 milliseconds was spent in the scheduler. (kafka.coordinator.group.GroupMetadataManager)
[2026-04-29 16:36:39,927] INFO [GroupMetadataManager brokerId=1] Finished loading offsets and group metadata from __consumer_offsets-16 in 10 milliseconds for epoch 0, of which 10 milliseconds was spent in the scheduler. (kafka.coordinator.group.GroupMetadataManager)
[2026-04-29 16:36:39,928] INFO [GroupMetadataManager brokerId=1] Finished loading offsets and group metadata from __consumer_offsets-45 in 11 milliseconds for epoch 0, of which 11 milliseconds was spent in the scheduler. (kafka.coordinator.group.GroupMetadataManager)
[2026-04-29 16:36:39,929] INFO [GroupMetadataManager brokerId=1] Finished loading offsets and group metadata from __consumer_offsets-12 in 12 milliseconds for epoch 0, of which 11 milliseconds was spent in the scheduler. (kafka.coordinator.group.GroupMetadataManager)
[2026-04-29 16:36:39,930] INFO [GroupMetadataManager brokerId=1] Finished loading offsets and group metadata from __consumer_offsets-41 in 13 milliseconds for epoch 0, of which 13 milliseconds was spent in the scheduler. (kafka.coordinator.group.GroupMetadataManager)
[2026-04-29 16:36:39,930] INFO [GroupMetadataManager brokerId=1] Finished loading offsets and group metadata from __consumer_offsets-24 in 12 milliseconds for epoch 0, of which 12 milliseconds was spent in the scheduler. (kafka.coordinator.group.GroupMetadataManager)
[2026-04-29 16:36:39,931] INFO [GroupMetadataManager brokerId=1] Finished loading offsets and group metadata from __consumer_offsets-20 in 13 milliseconds for epoch 0, of which 13 milliseconds was spent in the scheduler. (kafka.coordinator.group.GroupMetadataManager)
[2026-04-29 16:36:39,931] INFO [GroupMetadataManager brokerId=1] Finished loading offsets and group metadata from __consumer_offsets-49 in 13 milliseconds for epoch 0, of which 13 milliseconds was spent in the scheduler. (kafka.coordinator.group.GroupMetadataManager)
[2026-04-29 16:36:39,931] INFO [GroupMetadataManager brokerId=1] Finished loading offsets and group metadata from __consumer_offsets-0 in 13 milliseconds for epoch 0, of which 13 milliseconds was spent in the scheduler. (kafka.coordinator.group.GroupMetadataManager)
[2026-04-29 16:36:39,932] INFO [GroupMetadataManager brokerId=1] Finished loading offsets and group metadata from __consumer_offsets-29 in 14 milliseconds for epoch 0, of which 13 milliseconds was spent in the scheduler. (kafka.coordinator.group.GroupMetadataManager)
[2026-04-29 16:36:39,932] INFO [GroupMetadataManager brokerId=1] Finished loading offsets and group metadata from __consumer_offsets-25 in 14 milliseconds for epoch 0, of which 14 milliseconds was spent in the scheduler. (kafka.coordinator.group.GroupMetadataManager)
[2026-04-29 16:36:39,932] INFO [GroupMetadataManager brokerId=1] Finished loading offsets and group metadata from __consumer_offsets-8 in 14 milliseconds for epoch 0, of which 14 milliseconds was spent in the scheduler. (kafka.coordinator.group.GroupMetadataManager)
[2026-04-29 16:36:39,932] INFO [GroupMetadataManager brokerId=1] Finished loading offsets and group metadata from __consumer_offsets-37 in 14 milliseconds for epoch 0, of which 14 milliseconds was spent in the scheduler. (kafka.coordinator.group.GroupMetadataManager)
[2026-04-29 16:36:39,933] INFO [GroupMetadataManager brokerId=1] Finished loading offsets and group metadata from __consumer_offsets-4 in 15 milliseconds for epoch 0, of which 15 milliseconds was spent in the scheduler. (kafka.coordinator.group.GroupMetadataManager)
[2026-04-29 16:36:39,933] INFO [GroupMetadataManager brokerId=1] Finished loading offsets and group metadata from __consumer_offsets-33 in 15 milliseconds for epoch 0, of which 15 milliseconds was spent in the scheduler. (kafka.coordinator.group.GroupMetadataManager)
[2026-04-29 16:36:39,933] INFO [GroupMetadataManager brokerId=1] Finished loading offsets and group metadata from __consumer_offsets-15 in 15 milliseconds for epoch 0, of which 15 milliseconds was spent in the scheduler. (kafka.coordinator.group.GroupMetadataManager)
[2026-04-29 16:36:39,933] INFO [GroupMetadataManager brokerId=1] Finished loading offsets and group metadata from __consumer_offsets-48 in 15 milliseconds for epoch 0, of which 15 milliseconds was spent in the scheduler. (kafka.coordinator.group.GroupMetadataManager)
[2026-04-29 16:36:39,933] INFO [GroupMetadataManager brokerId=1] Finished loading offsets and group metadata from __consumer_offsets-11 in 15 milliseconds for epoch 0, of which 15 milliseconds was spent in the scheduler. (kafka.coordinator.group.GroupMetadataManager)
[2026-04-29 16:36:39,934] INFO [GroupMetadataManager brokerId=1] Finished loading offsets and group metadata from __consumer_offsets-44 in 15 milliseconds for epoch 0, of which 15 milliseconds was spent in the scheduler. (kafka.coordinator.group.GroupMetadataManager)
[2026-04-29 16:36:39,934] INFO [GroupMetadataManager brokerId=1] Finished loading offsets and group metadata from __consumer_offsets-23 in 15 milliseconds for epoch 0, of which 15 milliseconds was spent in the scheduler. (kafka.coordinator.group.GroupMetadataManager)
[2026-04-29 16:36:39,934] INFO [GroupMetadataManager brokerId=1] Finished loading offsets and group metadata from __consumer_offsets-19 in 15 milliseconds for epoch 0, of which 15 milliseconds was spent in the scheduler. (kafka.coordinator.group.GroupMetadataManager)
[2026-04-29 16:36:39,935] INFO [GroupMetadataManager brokerId=1] Finished loading offsets and group metadata from __consumer_offsets-32 in 16 milliseconds for epoch 0, of which 15 milliseconds was spent in the scheduler. (kafka.coordinator.group.GroupMetadataManager)
[2026-04-29 16:36:39,935] INFO [GroupMetadataManager brokerId=1] Finished loading offsets and group metadata from __consumer_offsets-28 in 16 milliseconds for epoch 0, of which 16 milliseconds was spent in the scheduler. (kafka.coordinator.group.GroupMetadataManager)
[2026-04-29 16:36:39,936] INFO [GroupMetadataManager brokerId=1] Finished loading offsets and group metadata from __consumer_offsets-7 in 17 milliseconds for epoch 0, of which 17 milliseconds was spent in the scheduler. (kafka.coordinator.group.GroupMetadataManager)
[2026-04-29 16:36:39,936] INFO [GroupMetadataManager brokerId=1] Finished loading offsets and group metadata from __consumer_offsets-40 in 17 milliseconds for epoch 0, of which 17 milliseconds was spent in the scheduler. (kafka.coordinator.group.GroupMetadataManager)
[2026-04-29 16:36:39,936] INFO [GroupMetadataManager brokerId=1] Finished loading offsets and group metadata from __consumer_offsets-3 in 17 milliseconds for epoch 0, of which 17 milliseconds was spent in the scheduler. (kafka.coordinator.group.GroupMetadataManager)
[2026-04-29 16:36:39,936] INFO [GroupMetadataManager brokerId=1] Finished loading offsets and group metadata from __consumer_offsets-36 in 17 milliseconds for epoch 0, of which 17 milliseconds was spent in the scheduler. (kafka.coordinator.group.GroupMetadataManager)
[2026-04-29 16:36:39,937] INFO [GroupMetadataManager brokerId=1] Finished loading offsets and group metadata from __consumer_offsets-47 in 18 milliseconds for epoch 0, of which 17 milliseconds was spent in the scheduler. (kafka.coordinator.group.GroupMetadataManager)
[2026-04-29 16:36:39,937] INFO [GroupMetadataManager brokerId=1] Finished loading offsets and group metadata from __consumer_offsets-14 in 18 milliseconds for epoch 0, of which 18 milliseconds was spent in the scheduler. (kafka.coordinator.group.GroupMetadataManager)
[2026-04-29 16:36:39,937] INFO [GroupMetadataManager brokerId=1] Finished loading offsets and group metadata from __consumer_offsets-43 in 18 milliseconds for epoch 0, of which 18 milliseconds was spent in the scheduler. (kafka.coordinator.group.GroupMetadataManager)
[2026-04-29 16:36:39,937] INFO [GroupMetadataManager brokerId=1] Finished loading offsets and group metadata from __consumer_offsets-10 in 18 milliseconds for epoch 0, of which 18 milliseconds was spent in the scheduler. (kafka.coordinator.group.GroupMetadataManager)
[2026-04-29 16:36:39,937] INFO [GroupMetadataManager brokerId=1] Finished loading offsets and group metadata from __consumer_offsets-22 in 18 milliseconds for epoch 0, of which 18 milliseconds was spent in the scheduler. (kafka.coordinator.group.GroupMetadataManager)
[2026-04-29 16:36:39,938] INFO [GroupMetadataManager brokerId=1] Finished loading offsets and group metadata from __consumer_offsets-18 in 19 milliseconds for epoch 0, of which 18 milliseconds was spent in the scheduler. (kafka.coordinator.group.GroupMetadataManager)
[2026-04-29 16:36:39,938] INFO [GroupMetadataManager brokerId=1] Finished loading offsets and group metadata from __consumer_offsets-31 in 19 milliseconds for epoch 0, of which 19 milliseconds was spent in the scheduler. (kafka.coordinator.group.GroupMetadataManager)
[2026-04-29 16:36:39,938] INFO [GroupMetadataManager brokerId=1] Finished loading offsets and group metadata from __consumer_offsets-27 in 19 milliseconds for epoch 0, of which 19 milliseconds was spent in the scheduler. (kafka.coordinator.group.GroupMetadataManager)
[2026-04-29 16:36:39,938] INFO [GroupMetadataManager brokerId=1] Finished loading offsets and group metadata from __consumer_offsets-39 in 19 milliseconds for epoch 0, of which 19 milliseconds was spent in the scheduler. (kafka.coordinator.group.GroupMetadataManager)
[2026-04-29 16:36:39,938] INFO [GroupMetadataManager brokerId=1] Finished loading offsets and group metadata from __consumer_offsets-6 in 19 milliseconds for epoch 0, of which 19 milliseconds was spent in the scheduler. (kafka.coordinator.group.GroupMetadataManager)
[2026-04-29 16:36:39,939] INFO [GroupMetadataManager brokerId=1] Finished loading offsets and group metadata from __consumer_offsets-35 in 19 milliseconds for epoch 0, of which 18 milliseconds was spent in the scheduler. (kafka.coordinator.group.GroupMetadataManager)
[2026-04-29 16:36:39,939] INFO [GroupMetadataManager brokerId=1] Finished loading offsets and group metadata from __consumer_offsets-2 in 19 milliseconds for epoch 0, of which 19 milliseconds was spent in the scheduler. (kafka.coordinator.group.GroupMetadataManager)
[2026-04-29 16:36:39,961] INFO [GroupCoordinator 1]: Dynamic member with unknown member id joins group counter-service in Empty state. Created a new member id aiokafka-0.10.0-c2b0c850-8bd5-4457-be84-fe4fd492da20 and request the member to rejoin with this id. (kafka.coordinator.group.GroupCoordinator)
[2026-04-29 16:36:39,969] INFO [GroupCoordinator 1]: Preparing to rebalance group counter-service in state PreparingRebalance with old generation 0 (__consumer_offsets-10) (reason: Adding new member aiokafka-0.10.0-c2b0c850-8bd5-4457-be84-fe4fd492da20 with group instance id None; client reason: not provided) (kafka.coordinator.group.GroupCoordinator)
[2026-04-29 16:36:39,975] INFO [GroupCoordinator 1]: Stabilized group counter-service generation 1 (__consumer_offsets-10) with 1 members (kafka.coordinator.group.GroupCoordinator)
[2026-04-29 16:36:39,984] INFO [GroupCoordinator 1]: Assignment received from leader aiokafka-0.10.0-c2b0c850-8bd5-4457-be84-fe4fd492da20 for group counter-service for generation 1. The group has 1 members, 0 of which are static. (kafka.coordinator.group.GroupCoordinator)
[2026-04-29 16:36:40,006] INFO [GroupCoordinator 1]: Dynamic member with unknown member id joins group counter-service in Stable state. Created a new member id aiokafka-0.10.0-29b28c62-ae51-4957-9388-db4252dd28eb and request the member to rejoin with this id. (kafka.coordinator.group.GroupCoordinator)
[2026-04-29 16:36:40,009] INFO [GroupCoordinator 1]: Preparing to rebalance group counter-service in state PreparingRebalance with old generation 1 (__consumer_offsets-10) (reason: Adding new member aiokafka-0.10.0-29b28c62-ae51-4957-9388-db4252dd28eb with group instance id None; client reason: not provided) (kafka.coordinator.group.GroupCoordinator)
[2026-04-29 16:36:43,015] INFO [GroupCoordinator 1]: Stabilized group counter-service generation 2 (__consumer_offsets-10) with 2 members (kafka.coordinator.group.GroupCoordinator)
[2026-04-29 16:36:43,016] INFO [GroupCoordinator 1]: Assignment received from leader aiokafka-0.10.0-c2b0c850-8bd5-4457-be84-fe4fd492da20 for group counter-service for generation 2. The group has 2 members, 0 of which are static. (kafka.coordinator.group.GroupCoordinator)
[2026-04-29 16:49:46,003] INFO [NodeToControllerChannelManager id=1 name=registration] Node 1 disconnected. (org.apache.kafka.clients.NetworkClient)
[2026-04-29 16:50:05,579] INFO [NodeToControllerChannelManager id=1 name=forwarding] Node 1 disconnected. (org.apache.kafka.clients.NetworkClient)
